id,nombre,apellido,email,genero,profesion,usuario,nacionalidad
1,Maurita,Feander,mfeander0@telegraph.co.uk,F,Research Nurse,mfeander0,Somali
2,Farrell,Fursse,ffursse1@tmall.com,M,Safety Technician III,ffursse1,Tajik
3,Maxy,Bonnell,mbonnell2@google.fr,M,Analog Circuit Design manager,mbonnell2,Swati
4,Mavra,Swanwick,mswanwick3@mashable.com,F,GIS Technical Architect,mswanwick3,Malagasy
5,Rafi,Sammons,rsammons4@sciencedirect.com,M,Budget/Accounting Analyst II,rsammons4,French
6,Dieter,Manifield,dmanifield5@apache.org,M,Chief Design Engineer,dmanifield5,Thai
7,Kimberley,Siseland,ksiseland6@sakura.ne.jp,F,VP Product Management,ksiseland6,Kurdish
8,Carroll,McCole,cmccole7@ustream.tv,M,Internal Auditor,cmccole7,Armenian
9,Fremont,Wyne,fwyne8@51.la,M,Staff Accountant I,fwyne8,Greek
10,Brynn,Finkle,bfinkle9@fema.gov,F,Assistant Professor,bfinkle9,Malagasy
11,Carolin,Anney,canneya@networkadvertising.org,F,Professor,canneya,Korean
12,Dannye,McKinney,dmckinneyb@myspace.com,F,Programmer Analyst I,dmckinneyb,Khmer
13,Klarika,Daelman,kdaelmanc@blogger.com,F,Research Associate,kdaelmanc,Latvian
14,Trula,Fines,tfinesd@salon.com,F,Compensation Analyst,tfinesd,German
15,Rayna,Mayfield,rmayfielde@bloglovin.com,F,Assistant Manager,rmayfielde,Belarusian
16,Reta,Hunting,rhuntingf@jiathis.com,F,Geological Engineer,rhuntingf,Arabic
17,Garrard,Hemphall,ghemphallg@ning.com,M,Chemical Engineer,ghemphallg,Estonian
18,Felita,Farquharson,ffarquharsonh@china.com.cn,F,Tax Accountant,ffarquharsonh,Kurdish
19,Teodor,Measom,tmeasomi@cnet.com,M,Structural Analysis Engineer,tmeasomi,Irish Gaelic
20,Bartholomeo,Seares,bsearesj@mapy.cz,M,Assistant Manager,bsearesj,West Frisian
21,Karel,Kimbly,kkimblyk@google.cn,F,Software Engineer II,kkimblyk,Ndebele
22,Haroun,O'Fergus,hofergusl@vkontakte.ru,M,Associate Professor,hofergusl,New Zealand Sign Language
23,Garrik,Fanton,gfantonm@bloglines.com,M,Civil Engineer,gfantonm,Swati
24,Ethelbert,Benedit,ebeneditn@youtube.com,M,Editor,ebeneditn,Kyrgyz
25,Felix,Hegg,fheggo@lycos.com,M,Computer Systems Analyst IV,fheggo,Kurdish
26,Orelie,Tiffney,otiffneyp@spotify.com,F,Compensation Analyst,otiffneyp,Catalan
27,Jorgan,Richemond,jrichemondq@ycombinator.com,M,General Manager,jrichemondq,Assamese
28,Adelle,Sciacovelli,asciacovellir@apache.org,F,Marketing Assistant,asciacovellir,Tsonga
29,Dalia,Diwell,ddiwells@state.gov,F,Product Engineer,ddiwells,Lithuanian
30,Hannis,Merrington,hmerringtont@reuters.com,F,Analyst Programmer,hmerringtont,Albanian
31,Brew,Gabbitus,bgabbitusu@constantcontact.com,M,Recruiter,bgabbitusu,Khmer
32,Charla,MacCrachen,cmaccrachenv@homestead.com,F,Assistant Manager,cmaccrachenv,Latvian
33,Paddy,Sibary,psibaryw@nifty.com,M,Associate Professor,psibaryw,Fijian
34,Millard,Tadman,mtadmanx@aol.com,M,Nurse,mtadmanx,Ndebele
35,Mab,Frie,mfriey@jimdo.com,F,Software Consultant,mfriey,English
36,Bevan,McTerrelly,bmcterrellyz@goo.ne.jp,M,Administrative Officer,bmcterrellyz,Tok Pisin
37,Reggie,Dovinson,rdovinson10@harvard.edu,M,Research Assistant III,rdovinson10,Indonesian
38,Katheryn,Iacovides,kiacovides11@shinystat.com,F,Professor,kiacovides11,Dzongkha
39,Imelda,Yarnell,iyarnell12@zdnet.com,F,Human Resources Assistant II,iyarnell12,Malagasy
40,Octavia,Inkpin,oinkpin13@webs.com,F,Systems Administrator II,oinkpin13,Mongolian
41,Bryana,Pochet,bpochet14@cbc.ca,F,Executive Secretary,bpochet14,Azeri
42,Jarret,Giovanitti,jgiovanitti15@sina.com.cn,M,Nurse,jgiovanitti15,Gujarati
43,Casar,Dutton,cdutton16@google.co.jp,M,Desktop Support Technician,cdutton16,Kurdish
44,Filip,Boak,fboak17@abc.net.au,M,Accountant II,fboak17,Lao
45,Bent,Ludwikiewicz,bludwikiewicz18@list-manage.com,M,Senior Financial Analyst,bludwikiewicz18,Kazakh
46,Hillel,Bessell,hbessell19@php.net,M,Paralegal,hbessell19,Malay
47,Lacey,Lincey,llincey1a@ucoz.com,F,Account Executive,llincey1a,Luxembourgish
48,Paule,Brodhead,pbrodhead1b@reverbnation.com,F,Librarian,pbrodhead1b,Bosnian
49,Janifer,Boulsher,jboulsher1c@over-blog.com,F,Sales Associate,jboulsher1c,Finnish
50,Randi,Galsworthy,rgalsworthy1d@github.io,M,Associate Professor,rgalsworthy1d,Danish
51,Katharina,Raimbauld,kraimbauld1e@gov.uk,F,Administrative Assistant IV,kraimbauld1e,Greek
52,Valery,Pridden,vpridden1f@quantcast.com,F,Financial Advisor,vpridden1f,Northern Sotho
53,Celle,Sykora,csykora1g@noaa.gov,F,Internal Auditor,csykora1g,Pashto
54,Thom,Paal,tpaal1h@google.ca,M,Structural Analysis Engineer,tpaal1h,Dzongkha
55,Gris,Duxbury,gduxbury1i@sakura.ne.jp,M,Recruiter,gduxbury1i,Burmese
56,Forster,Mayberry,fmayberry1j@dailymotion.com,M,Occupational Therapist,fmayberry1j,Marathi
57,Elvera,Ditty,editty1k@mayoclinic.com,F,Quality Control Specialist,editty1k,Swati
58,Kev,Tompion,ktompion1l@dmoz.org,M,Programmer Analyst IV,ktompion1l,Indonesian
59,Sauncho,Polson,spolson1m@google.it,M,Software Test Engineer II,spolson1m,Finnish
60,Opalina,Cissell,ocissell1n@archive.org,F,Senior Cost Accountant,ocissell1n,Latvian
61,Mufi,Hewell,mhewell1o@gov.uk,F,Recruiter,mhewell1o,Belarusian
62,Perren,Dunseith,pdunseith1p@desdev.cn,M,Sales Associate,pdunseith1p,Dutch
63,Sigismund,Zanussii,szanussii1q@google.fr,M,Actuary,szanussii1q,Nepali
64,Brianne,Beckenham,bbeckenham1r@timesonline.co.uk,F,Registered Nurse,bbeckenham1r,Czech
65,Wylie,Simcock,wsimcock1s@icq.com,M,Physical Therapy Assistant,wsimcock1s,Moldovan
66,Carson,Mould,cmould1t@eepurl.com,M,Financial Advisor,cmould1t,Papiamento
67,Des,Brunotti,dbrunotti1u@cisco.com,M,Analyst Programmer,dbrunotti1u,Khmer
68,Willdon,Haggarth,whaggarth1v@state.tx.us,M,Human Resources Assistant I,whaggarth1v,West Frisian
69,Curt,Leghorn,cleghorn1w@macromedia.com,M,Research Associate,cleghorn1w,Kyrgyz
70,Cecily,Gownge,cgownge1x@businessinsider.com,F,Sales Representative,cgownge1x,Guaraní
71,Stillman,Adne,sadne1y@unicef.org,M,Recruiting Manager,sadne1y,Bulgarian
72,Pip,Briatt,pbriatt1z@cpanel.net,M,Paralegal,pbriatt1z,Romanian
73,Beltran,Lepper,blepper20@t.co,M,Biostatistician I,blepper20,Hiri Motu
74,Layla,Fulham,lfulham21@phpbb.com,F,Project Manager,lfulham21,Māori
75,Darn,Fortun,dfortun22@ca.gov,M,Executive Secretary,dfortun22,Portuguese
76,Linea,Swinden,lswinden23@last.fm,F,Assistant Manager,lswinden23,Maltese
77,Glennis,Oglevie,goglevie24@xing.com,F,VP Accounting,goglevie24,Burmese
78,Ced,Aronstam,caronstam25@harvard.edu,M,Senior Quality Engineer,caronstam25,Telugu
79,Konstantine,Hewins,khewins26@rediff.com,M,Pharmacist,khewins26,Gagauz
80,Stacy,Goater,sgoater27@netvibes.com,F,Analyst Programmer,sgoater27,Aymara
81,Tally,Awton,tawton28@berkeley.edu,F,Data Coordiator,tawton28,Spanish
82,Sherry,Huchot,shuchot29@cmu.edu,F,Research Assistant III,shuchot29,Khmer
83,Kurt,Chapling,kchapling2a@ucsd.edu,M,Software Engineer III,kchapling2a,Armenian
84,Katharyn,McNern,kmcnern2b@acquirethisname.com,F,Database Administrator III,kmcnern2b,New Zealand Sign Language
85,Else,Hatherley,ehatherley2c@skype.com,F,VP Accounting,ehatherley2c,Greek
86,Yorker,Steckings,ysteckings2d@ebay.com,M,VP Accounting,ysteckings2d,Persian
87,Terri-jo,Nunns,tnunns2e@geocities.com,F,Sales Representative,tnunns2e,Moldovan
88,Matthiew,Redolfi,mredolfi2f@blogspot.com,M,Staff Accountant IV,mredolfi2f,Chinese
89,Emlyn,Chrystie,echrystie2g@examiner.com,M,Actuary,echrystie2g,Italian
90,Alejoa,Lunk,alunk2h@wiley.com,M,Business Systems Development Analyst,alunk2h,Amharic
91,Antonin,Slaney,aslaney2i@simplemachines.org,M,Payment Adjustment Coordinator,aslaney2i,Ndebele
92,Cathrin,Delepine,cdelepine2j@apache.org,F,Staff Accountant III,cdelepine2j,Pashto
93,Zolly,Ivimey,zivimey2k@weebly.com,M,Account Representative I,zivimey2k,Hungarian
94,Kayla,Sartin,ksartin2l@weebly.com,F,Analog Circuit Design manager,ksartin2l,Indonesian
95,Celestina,Pickerill,cpickerill2m@nymag.com,F,Marketing Assistant,cpickerill2m,Tamil
96,Michael,Sleit,msleit2n@google.co.uk,M,Research Associate,msleit2n,Malay
97,Cammie,Guilloux,cguilloux2o@ucla.edu,F,Senior Developer,cguilloux2o,Tok Pisin
98,Rois,Canero,rcanero2p@youku.com,F,Programmer Analyst I,rcanero2p,Telugu
99,Almira,Linton,alinton2q@deviantart.com,F,Actuary,alinton2q,Malayalam
100,De witt,Charlesworth,dcharlesworth2r@webmd.com,M,Safety Technician I,dcharlesworth2r,Filipino
101,Carmine,McIllroy,cmcillroy2s@craigslist.org,F,Assistant Manager,cmcillroy2s,Danish
102,Laurena,Donisthorpe,ldonisthorpe2t@unesco.org,F,Internal Auditor,ldonisthorpe2t,Swahili
103,Jolyn,Shanahan,jshanahan2u@sina.com.cn,F,Software Consultant,jshanahan2u,Papiamento
104,Thayne,Simonnet,tsimonnet2v@ibm.com,M,Accounting Assistant III,tsimonnet2v,Punjabi
105,Carena,Francklyn,cfrancklyn2w@godaddy.com,F,Software Consultant,cfrancklyn2w,Bislama
106,Jacklyn,Cawkwell,jcawkwell2x@dailymail.co.uk,F,Chief Design Engineer,jcawkwell2x,Romanian
107,Rebecka,Botte,rbotte2y@deliciousdays.com,F,VP Marketing,rbotte2y,Korean
108,Meridith,Dallyn,mdallyn2z@zimbio.com,F,Computer Systems Analyst IV,mdallyn2z,Swahili
109,Gaston,Abbes,gabbes30@psu.edu,M,Software Engineer II,gabbes30,Pashto
110,Dukie,Heathcott,dheathcott31@mapy.cz,M,Help Desk Operator,dheathcott31,Kazakh
111,Rosalia,Youngman,ryoungman32@fema.gov,F,Automation Specialist I,ryoungman32,Filipino
112,Skipp,Lardeur,slardeur33@hud.gov,M,Environmental Specialist,slardeur33,Kurdish
113,Gottfried,Sieve,gsieve34@dell.com,M,Technical Writer,gsieve34,Khmer
114,Jacqui,Tilt,jtilt35@digg.com,F,Sales Representative,jtilt35,Tok Pisin
115,Ginni,Brockest,gbrockest36@msn.com,F,Director of Sales,gbrockest36,Tajik
116,Pamelina,Youel,pyouel37@ning.com,F,Registered Nurse,pyouel37,Moldovan
117,Lorin,Welman,lwelman38@pen.io,M,Quality Engineer,lwelman38,Norwegian
118,Derwin,Bithany,dbithany39@tamu.edu,M,Senior Sales Associate,dbithany39,Marathi
119,Aloise,Bodley,abodley3a@statcounter.com,F,Professor,abodley3a,Montenegrin
120,Brit,Gormally,bgormally3b@opensource.org,F,Analog Circuit Design manager,bgormally3b,Pashto
121,Dov,Gwyther,dgwyther3c@java.com,M,Recruiting Manager,dgwyther3c,Oriya
122,Dougy,Americi,damerici3d@independent.co.uk,M,Budget/Accounting Analyst I,damerici3d,West Frisian
123,Desmond,Wickwar,dwickwar3e@infoseek.co.jp,M,Cost Accountant,dwickwar3e,Bengali
124,Alysa,Strowan,astrowan3f@wikipedia.org,F,Mechanical Systems Engineer,astrowan3f,New Zealand Sign Language
125,Giacomo,Iggalden,giggalden3g@e-recht24.de,M,Financial Analyst,giggalden3g,Dhivehi
126,Vikky,Vassano,vvassano3h@blogs.com,F,Geological Engineer,vvassano3h,Czech
127,Julia,Prewett,jprewett3i@japanpost.jp,F,Sales Associate,jprewett3i,Thai
128,Chevalier,Wickstead,cwickstead3j@samsung.com,M,Geologist I,cwickstead3j,Finnish
129,Zebulon,Capponer,zcapponer3k@yahoo.com,M,Developer IV,zcapponer3k,Macedonian
130,Ulrika,Grime,ugrime3l@tmall.com,F,Pharmacist,ugrime3l,Chinese
131,Chariot,Josephoff,cjosephoff3m@ted.com,M,Design Engineer,cjosephoff3m,Quechua
132,Kailey,Weightman,kweightman3n@w3.org,F,Junior Executive,kweightman3n,Tok Pisin
133,Olin,Canavan,ocanavan3o@marriott.com,M,Project Manager,ocanavan3o,Aymara
134,Jerrie,Armfield,jarmfield3p@nymag.com,F,Account Executive,jarmfield3p,Hebrew
135,Sheila-kathryn,Manjot,smanjot3q@lycos.com,F,Environmental Tech,smanjot3q,Bulgarian
136,Hobie,Schiesterl,hschiesterl3r@free.fr,M,Analog Circuit Design manager,hschiesterl3r,Yiddish
137,Mozes,Wozencraft,mwozencraft3s@mozilla.org,M,Technical Writer,mwozencraft3s,Lithuanian
138,Chloris,De Domenico,cdedomenico3t@cam.ac.uk,F,Teacher,cdedomenico3t,Kazakh
139,Kristopher,Fredson,kfredson3u@squidoo.com,M,Senior Sales Associate,kfredson3u,English
140,Isa,McCray,imccray3v@vimeo.com,M,Media Manager II,imccray3v,Khmer
141,Bruce,Heighton,bheighton3w@google.com.br,M,Marketing Manager,bheighton3w,Romanian
142,Heriberto,Anstis,hanstis3x@salon.com,M,Programmer III,hanstis3x,Tswana
143,Lotti,Mattiessen,lmattiessen3y@washington.edu,F,Account Coordinator,lmattiessen3y,Icelandic
144,Callean,Malan,cmalan3z@discovery.com,M,Physical Therapy Assistant,cmalan3z,Fijian
145,Christel,Brownhall,cbrownhall40@nsw.gov.au,F,Sales Representative,cbrownhall40,Hindi
146,Hilly,Schoroder,hschoroder41@live.com,M,Statistician II,hschoroder41,Spanish
147,Jeddy,Gronno,jgronno42@skype.com,M,Senior Cost Accountant,jgronno42,Hungarian
148,Tuck,Cockings,tcockings43@foxnews.com,M,VP Marketing,tcockings43,Arabic
149,Verile,Savory,vsavory44@4shared.com,F,VP Product Management,vsavory44,Filipino
150,Rochella,Featonby,rfeatonby45@ocn.ne.jp,F,Accounting Assistant III,rfeatonby45,Quechua
151,Lyell,Kennicott,lkennicott46@yelp.com,M,Accountant II,lkennicott46,Tamil
152,Alexandre,Pithcock,apithcock47@comcast.net,M,Software Consultant,apithcock47,Somali
153,Svend,Bedder,sbedder48@booking.com,M,Design Engineer,sbedder48,Dhivehi
154,Roxy,Heiss,rheiss49@google.de,F,Civil Engineer,rheiss49,Zulu
155,Henrik,Ingleston,hingleston4a@usatoday.com,M,Developer IV,hingleston4a,Malay
156,Tripp,Tribe,ttribe4b@ow.ly,M,Health Coach II,ttribe4b,Kazakh
157,Jacqui,Burgisi,jburgisi4c@flavors.me,F,Junior Executive,jburgisi4c,Tok Pisin
158,Brendin,Blakemore,bblakemore4d@163.com,M,Executive Secretary,bblakemore4d,Gagauz
159,Anthea,A'field,aafield4e@jigsy.com,F,Structural Engineer,aafield4e,Croatian
160,Terrie,Doyle,tdoyle4f@fema.gov,F,Occupational Therapist,tdoyle4f,Filipino
161,Salomon,Yandle,syandle4g@cornell.edu,M,Social Worker,syandle4g,New Zealand Sign Language
162,Shalom,Wellbelove,swellbelove4h@twitpic.com,M,Teacher,swellbelove4h,Dari
163,Birk,Pickover,bpickover4i@prweb.com,M,Project Manager,bpickover4i,Tsonga
164,Florentia,Furlong,ffurlong4j@home.pl,F,Desktop Support Technician,ffurlong4j,Swahili
165,Alejoa,Cathcart,acathcart4k@cargocollective.com,M,Librarian,acathcart4k,Czech
166,Jerrie,Goosey,jgoosey4l@howstuffworks.com,M,Accountant I,jgoosey4l,Kurdish
167,Eveleen,Nequest,enequest4m@cnbc.com,F,Payment Adjustment Coordinator,enequest4m,Tok Pisin
168,Holt,McBratney,hmcbratney4n@icio.us,M,Senior Editor,hmcbratney4n,Tamil
169,Nikaniki,Anslow,nanslow4o@soundcloud.com,F,Electrical Engineer,nanslow4o,Hindi
170,Sherman,Romain,sromain4p@hubpages.com,M,Automation Specialist I,sromain4p,Macedonian
171,Jud,Bartholin,jbartholin4q@vistaprint.com,M,Systems Administrator III,jbartholin4q,Nepali
172,Annadiana,Pring,apring4r@creativecommons.org,F,Analog Circuit Design manager,apring4r,Dari
173,Biron,Lepard,blepard4s@scribd.com,M,Media Manager II,blepard4s,Estonian
174,Jessey,Pinhorn,jpinhorn4t@census.gov,M,Graphic Designer,jpinhorn4t,Moldovan
175,Angelico,Meatyard,ameatyard4u@howstuffworks.com,M,Environmental Specialist,ameatyard4u,Greek
176,Koressa,Leahair,kleahair4v@live.com,F,Environmental Specialist,kleahair4v,Portuguese
177,Darnell,Rylance,drylance4w@ox.ac.uk,M,Environmental Specialist,drylance4w,Burmese
178,Everard,Cotgrave,ecotgrave4x@blogtalkradio.com,M,Developer III,ecotgrave4x,Croatian
179,Mikel,Essam,messam4y@jimdo.com,M,Systems Administrator I,messam4y,Romanian
180,Dev,D'Agostino,ddagostino4z@usgs.gov,M,Senior Quality Engineer,ddagostino4z,Malayalam
181,Dannel,Olland,dolland50@prweb.com,M,VP Sales,dolland50,Malagasy
182,Antonetta,Jewes,ajewes51@google.fr,F,Assistant Media Planner,ajewes51,Chinese
183,Tarrance,Rennard,trennard52@usa.gov,M,Executive Secretary,trennard52,Estonian
184,Loella,Crighten,lcrighten53@psu.edu,F,Financial Analyst,lcrighten53,Ndebele
185,Marven,Roumier,mroumier54@topsy.com,M,Editor,mroumier54,Croatian
186,Charlie,Mulqueen,cmulqueen55@washingtonpost.com,M,Quality Control Specialist,cmulqueen55,Ndebele
187,Olimpia,Ffrench,offrench56@youtube.com,F,Nurse,offrench56,Danish
188,Roanne,Alliott,ralliott57@mtv.com,F,Media Manager IV,ralliott57,Assamese
189,Johnny,Shute,jshute58@studiopress.com,M,Staff Scientist,jshute58,Telugu
190,Janot,Heinke,jheinke59@paginegialle.it,F,Internal Auditor,jheinke59,Korean
191,Celina,Mitchenson,cmitchenson5a@dailymail.co.uk,F,Quality Control Specialist,cmitchenson5a,Chinese
192,James,Maciocia,jmaciocia5b@flickr.com,M,VP Marketing,jmaciocia5b,Gujarati
193,Lynnelle,Jarlmann,ljarlmann5c@github.io,F,Dental Hygienist,ljarlmann5c,Bislama
194,Ingram,Millington,imillington5d@cdbaby.com,M,Dental Hygienist,imillington5d,Chinese
195,Dacia,Dansken,ddansken5e@usa.gov,F,Senior Sales Associate,ddansken5e,Bislama
196,Herta,Phlippi,hphlippi5f@shop-pro.jp,F,Speech Pathologist,hphlippi5f,Estonian
197,Webb,Brislan,wbrislan5g@surveymonkey.com,M,Administrative Officer,wbrislan5g,Yiddish
198,Anna-diane,Jobling,ajobling5h@feedburner.com,F,Help Desk Technician,ajobling5h,Maltese
199,Salomon,Pischel,spischel5i@creativecommons.org,M,Research Nurse,spischel5i,Croatian
200,Carver,Clitherow,cclitherow5j@netlog.com,M,Pharmacist,cclitherow5j,Montenegrin
201,Shaine,Riccetti,sriccetti5k@constantcontact.com,F,Executive Secretary,sriccetti5k,Portuguese
202,Anneliese,Maginot,amaginot5l@sogou.com,F,Programmer Analyst II,amaginot5l,Italian
203,Tobie,Rivett,trivett5m@wisc.edu,M,VP Marketing,trivett5m,Lao
204,Hyatt,Caney,hcaney5n@independent.co.uk,M,Financial Advisor,hcaney5n,Azeri
205,Wyatt,Quarlis,wquarlis5o@yahoo.co.jp,M,Account Executive,wquarlis5o,Khmer
206,Mel,Cabrera,mcabrera5p@amazonaws.com,M,Clinical Specialist,mcabrera5p,Polish
207,Rene,Shoobridge,rshoobridge5q@oracle.com,F,Paralegal,rshoobridge5q,Gagauz
208,Vivianne,Cliff,vcliff5r@about.me,F,Director of Sales,vcliff5r,Tsonga
209,Roxine,Frie,rfrie5s@samsung.com,F,Business Systems Development Analyst,rfrie5s,Catalan
210,Phillipp,Cohr,pcohr5t@time.com,M,Sales Associate,pcohr5t,Latvian
211,Vidovic,Kilius,vkilius5u@tuttocitta.it,M,Tax Accountant,vkilius5u,Polish
212,Delilah,Davidesco,ddavidesco5v@unc.edu,F,Data Coordiator,ddavidesco5v,Kannada
213,Scott,Syphus,ssyphus5w@about.com,M,Human Resources Assistant III,ssyphus5w,Portuguese
214,Wenonah,Flippen,wflippen5x@about.me,F,Chemical Engineer,wflippen5x,Chinese
215,Patrice,Skewes,pskewes5y@army.mil,M,Help Desk Technician,pskewes5y,Dari
216,Gardener,Kindon,gkindon5z@goodreads.com,M,Financial Analyst,gkindon5z,Aymara
217,Terrye,Cordeux,tcordeux60@hp.com,F,Professor,tcordeux60,Aymara
218,Latashia,Savage,lsavage61@bloglovin.com,F,Executive Secretary,lsavage61,Hungarian
219,Lew,Legerton,llegerton62@ucsd.edu,M,Associate Professor,llegerton62,Swedish
220,Cherilynn,Espinola,cespinola63@bloomberg.com,F,Office Assistant I,cespinola63,English
221,Erda,Strudwick,estrudwick64@spiegel.de,F,Nuclear Power Engineer,estrudwick64,Somali
222,Sybille,Byres,sbyres65@about.com,F,Assistant Media Planner,sbyres65,Armenian
223,Hayward,Langhor,hlanghor66@mlb.com,M,Analyst Programmer,hlanghor66,Lao
224,Weber,Rowston,wrowston67@ehow.com,M,Teacher,wrowston67,Sotho
225,Hailee,Gatenby,hgatenby68@nytimes.com,F,Marketing Assistant,hgatenby68,Finnish
226,Sigmund,Darlington,sdarlington69@hao123.com,M,Human Resources Manager,sdarlington69,Bengali
227,Hurleigh,Uccello,huccello6a@icio.us,M,VP Marketing,huccello6a,Maltese
228,Cole,Matches,cmatches6b@imdb.com,M,Web Designer III,cmatches6b,Tetum
229,Jessalyn,Wickmann,jwickmann6c@economist.com,F,Analog Circuit Design manager,jwickmann6c,Filipino
230,Arlie,Blasgen,ablasgen6d@51.la,F,Senior Cost Accountant,ablasgen6d,Bulgarian
231,Jacob,Bruck,jbruck6e@bloglines.com,M,Occupational Therapist,jbruck6e,Hungarian
232,Carlie,Crocket,ccrocket6f@simplemachines.org,F,Assistant Media Planner,ccrocket6f,English
233,Tait,Vigneron,tvigneron6g@cbsnews.com,M,Executive Secretary,tvigneron6g,Polish
234,Petr,Frie,pfrie6h@bloomberg.com,M,Civil Engineer,pfrie6h,Nepali
235,Petronille,Fishbourn,pfishbourn6i@google.ru,F,Associate Professor,pfishbourn6i,Yiddish
236,Dedra,Brownsword,dbrownsword6j@blogger.com,F,Senior Developer,dbrownsword6j,Kyrgyz
237,Dulcy,Quickfall,dquickfall6k@mlb.com,F,Analyst Programmer,dquickfall6k,Pashto
238,Roth,McTurk,rmcturk6l@desdev.cn,M,Payment Adjustment Coordinator,rmcturk6l,Icelandic
239,Neil,Roch,nroch6m@tripod.com,M,Statistician I,nroch6m,Khmer
240,Dimitri,Pendlington,dpendlington6n@google.ru,M,Design Engineer,dpendlington6n,Malayalam
241,Jody,Joules,jjoules6o@eepurl.com,M,Paralegal,jjoules6o,Nepali
242,Claudian,Tarbet,ctarbet6p@techcrunch.com,M,Help Desk Technician,ctarbet6p,Romanian
243,Etheline,Lauritzen,elauritzen6q@blogs.com,F,Automation Specialist IV,elauritzen6q,Punjabi
244,Dallis,Grimbleby,dgrimbleby6r@merriam-webster.com,M,Engineer II,dgrimbleby6r,Guaraní
245,Fran,Cassie,fcassie6s@t-online.de,F,Legal Assistant,fcassie6s,Polish
246,Randall,Peterffy,rpeterffy6t@squarespace.com,M,Senior Editor,rpeterffy6t,Danish
247,Suzette,Paradise,sparadise6u@umn.edu,F,Editor,sparadise6u,Bengali
248,Evangeline,Deam,edeam6v@goodreads.com,F,Human Resources Assistant IV,edeam6v,Quechua
249,Faye,Monroe,fmonroe6w@com.com,F,Food Chemist,fmonroe6w,Dhivehi
250,Major,Kew,mkew6x@163.com,M,Associate Professor,mkew6x,Hungarian
251,Serge,Ramsted,sramsted6y@creativecommons.org,M,Legal Assistant,sramsted6y,Luxembourgish
252,Edwina,Fawthrop,efawthrop6z@macromedia.com,F,Payment Adjustment Coordinator,efawthrop6z,Dari
253,Ade,Trengrouse,atrengrouse70@etsy.com,M,Senior Editor,atrengrouse70,New Zealand Sign Language
254,Jayme,McKerton,jmckerton71@studiopress.com,F,Administrative Assistant II,jmckerton71,Portuguese
255,Gerrilee,Sifflett,gsifflett72@cargocollective.com,F,Paralegal,gsifflett72,New Zealand Sign Language
256,Ives,Hullyer,ihullyer73@un.org,M,VP Sales,ihullyer73,Malagasy
257,Oswald,Bullard,obullard74@google.es,M,Accountant III,obullard74,Moldovan
258,Noland,Vosper,nvosper75@ebay.com,M,Developer IV,nvosper75,Tetum
259,Indira,Leighton,ileighton76@kickstarter.com,F,Registered Nurse,ileighton76,Māori
260,Eustacia,Tattersdill,etattersdill77@paypal.com,F,Developer IV,etattersdill77,Tetum
261,Howie,Relph,hrelph78@i2i.jp,M,Account Coordinator,hrelph78,Gujarati
262,Hannis,Rouf,hrouf79@arstechnica.com,F,Environmental Specialist,hrouf79,Quechua
263,Melesa,Madine,mmadine7a@google.fr,F,Financial Advisor,mmadine7a,Tok Pisin
264,Mikey,Janusz,mjanusz7b@arizona.edu,M,VP Accounting,mjanusz7b,Chinese
265,Shena,Goodered,sgoodered7c@boston.com,F,Clinical Specialist,sgoodered7c,Guaraní
266,Kevan,Cleef,kcleef7d@dagondesign.com,M,Software Test Engineer II,kcleef7d,Tok Pisin
267,Nathalie,Strachan,nstrachan7e@reuters.com,F,Occupational Therapist,nstrachan7e,Kazakh
268,Nataline,Turfus,nturfus7f@admin.ch,F,Help Desk Operator,nturfus7f,Kurdish
269,Melina,Woollaston,mwoollaston7g@joomla.org,F,Account Coordinator,mwoollaston7g,West Frisian
270,Tirrell,Shambrook,tshambrook7h@netscape.com,M,Executive Secretary,tshambrook7h,Swahili
271,Erda,Pohling,epohling7i@topsy.com,F,Tax Accountant,epohling7i,Irish Gaelic
272,Brana,Vane,bvane7j@discovery.com,F,Pharmacist,bvane7j,Assamese
273,Breena,Gravet,bgravet7k@xing.com,F,GIS Technical Architect,bgravet7k,Macedonian
274,Marcelo,Branchet,mbranchet7l@e-recht24.de,M,Design Engineer,mbranchet7l,Nepali
275,Josefina,Toleman,jtoleman7m@soup.io,F,Research Associate,jtoleman7m,Irish Gaelic
276,Barb,Molian,bmolian7n@macromedia.com,F,Data Coordiator,bmolian7n,Oriya
277,Rosaleen,Downey,rdowney7o@imageshack.us,F,Mechanical Systems Engineer,rdowney7o,Macedonian
278,Sollie,Miguet,smiguet7p@sfgate.com,M,Safety Technician II,smiguet7p,Luxembourgish
279,Arlette,Jurasek,ajurasek7q@ted.com,F,VP Accounting,ajurasek7q,Afrikaans
280,Mortimer,Azemar,mazemar7r@about.me,M,Statistician III,mazemar7r,Chinese
281,Chere,Ellerman,cellerman7s@altervista.org,F,Junior Executive,cellerman7s,Estonian
282,Netty,Towell,ntowell7t@squidoo.com,F,Editor,ntowell7t,Greek
283,Lowrance,Grellis,lgrellis7u@wix.com,M,Recruiter,lgrellis7u,German
284,Kermit,Pitchers,kpitchers7v@reuters.com,M,Teacher,kpitchers7v,Spanish
285,Olenka,Dodridge,ododridge7w@pagesperso-orange.fr,F,Graphic Designer,ododridge7w,Albanian
286,Saul,Ruter,sruter7x@bravesites.com,M,Financial Advisor,sruter7x,Romanian
287,Lorettalorna,Jickells,ljickells7y@yellowbook.com,F,Health Coach II,ljickells7y,Aymara
288,Piggy,Tunnacliffe,ptunnacliffe7z@csmonitor.com,M,Accountant III,ptunnacliffe7z,Bosnian
289,Moise,Curnick,mcurnick80@hc360.com,M,Social Worker,mcurnick80,Lao
290,Theodor,Breming,tbreming81@shareasale.com,M,Physical Therapy Assistant,tbreming81,Bulgarian
291,Benoite,Axe,baxe82@pinterest.com,F,Office Assistant II,baxe82,Bulgarian
292,Rolfe,Quesne,rquesne83@plala.or.jp,M,Business Systems Development Analyst,rquesne83,Dhivehi
293,Lukas,Biskup,lbiskup84@cbc.ca,M,Financial Analyst,lbiskup84,Bislama
294,Skippie,Methuen,smethuen85@tinyurl.com,M,Staff Scientist,smethuen85,Guaraní
295,Willie,Sedman,wsedman86@google.fr,M,Design Engineer,wsedman86,Moldovan
296,Benny,Korfmann,bkorfmann87@theguardian.com,M,Operator,bkorfmann87,Kurdish
297,Ford,McAreavey,fmcareavey88@hhs.gov,M,Senior Financial Analyst,fmcareavey88,Czech
298,Bernete,Heinl,bheinl89@cpanel.net,F,Senior Sales Associate,bheinl89,Dutch
299,Modesty,Bembridge,mbembridge8a@list-manage.com,F,Speech Pathologist,mbembridge8a,Quechua
300,Linell,Ragsdall,lragsdall8b@istockphoto.com,F,Teacher,lragsdall8b,Burmese
301,Merci,Scarlett,mscarlett8c@bravesites.com,F,Civil Engineer,mscarlett8c,Polish
302,Dom,Connealy,dconnealy8d@google.co.jp,M,Developer IV,dconnealy8d,Armenian
303,Ulick,Delacour,udelacour8e@chicagotribune.com,M,Professor,udelacour8e,Maltese
304,Benedikt,Maine,bmaine8f@surveymonkey.com,M,Engineer III,bmaine8f,Portuguese
305,Tiler,Dougliss,tdougliss8g@arstechnica.com,M,Senior Editor,tdougliss8g,French
306,Dory,Veschambes,dveschambes8h@w3.org,M,Chemical Engineer,dveschambes8h,Belarusian
307,Lorrie,Pfeffle,lpfeffle8i@who.int,F,Chemical Engineer,lpfeffle8i,Kazakh
308,Worthington,Broadley,wbroadley8j@cnn.com,M,Web Developer I,wbroadley8j,Swedish
309,Rozanne,Goncalo,rgoncalo8k@salon.com,F,Assistant Manager,rgoncalo8k,Bulgarian
310,Nadya,Renvoys,nrenvoys8l@unblog.fr,F,Community Outreach Specialist,nrenvoys8l,Malay
311,Hall,Iacofo,hiacofo8m@samsung.com,M,Human Resources Assistant III,hiacofo8m,Japanese
312,Enrique,Nellis,enellis8n@bloglovin.com,M,Sales Representative,enellis8n,Swedish
313,Fayre,Argont,fargont8o@auda.org.au,F,Budget/Accounting Analyst I,fargont8o,Azeri
314,Quintus,McKeran,qmckeran8p@livejournal.com,M,Account Executive,qmckeran8p,Yiddish
315,Eduino,Scanterbury,escanterbury8q@de.vu,M,Software Consultant,escanterbury8q,Dhivehi
316,Rem,Bulfit,rbulfit8r@go.com,M,Media Manager III,rbulfit8r,Croatian
317,Alyssa,Foort,afoort8s@sitemeter.com,F,Occupational Therapist,afoort8s,Persian
318,Tucker,Parlet,tparlet8t@furl.net,M,Design Engineer,tparlet8t,Tamil
319,Fidelia,Slyne,fslyne8u@friendfeed.com,F,Tax Accountant,fslyne8u,Assamese
320,Zane,Mebs,zmebs8v@thetimes.co.uk,M,Business Systems Development Analyst,zmebs8v,Macedonian
321,Myra,Priddy,mpriddy8w@tamu.edu,F,Nurse Practicioner,mpriddy8w,Telugu
322,Giffy,Gantzer,ggantzer8x@npr.org,M,Administrative Assistant III,ggantzer8x,Greek
323,Alejoa,Tindle,atindle8y@sbwire.com,M,Sales Representative,atindle8y,Papiamento
324,Didi,Troni,dtroni8z@wix.com,F,Web Designer II,dtroni8z,Amharic
325,Niel,Burdekin,nburdekin90@reddit.com,M,Environmental Specialist,nburdekin90,Malay
326,Kimmi,Wanless,kwanless91@slideshare.net,F,Health Coach II,kwanless91,Estonian
327,Aymer,Aleavy,aaleavy92@seesaa.net,M,Biostatistician II,aaleavy92,Assamese
328,Gabbie,Nancekivell,gnancekivell93@msn.com,F,Human Resources Manager,gnancekivell93,Kurdish
329,Mohammed,Lewson,mlewson94@t-online.de,M,Staff Scientist,mlewson94,Kannada
330,Saraann,Dello,sdello95@ocn.ne.jp,F,Statistician I,sdello95,Lithuanian
331,Alonzo,Leyban,aleyban96@wikimedia.org,M,Engineer IV,aleyban96,Malay
332,Tisha,Moloney,tmoloney97@amazon.de,F,Information Systems Manager,tmoloney97,Māori
333,Ferdy,Budget,fbudget98@thetimes.co.uk,M,Biostatistician II,fbudget98,West Frisian
334,Randell,Swales,rswales99@census.gov,M,Sales Representative,rswales99,Bislama
335,Cassandre,Burford,cburford9a@merriam-webster.com,F,Geological Engineer,cburford9a,Moldovan
336,Zach,Emlen,zemlen9b@ucsd.edu,M,Research Associate,zemlen9b,Swati
337,Carmon,McClarence,cmcclarence9c@behance.net,F,General Manager,cmcclarence9c,French
338,Barnebas,Cheeld,bcheeld9d@naver.com,M,Web Designer IV,bcheeld9d,Polish
339,Regan,Gadsdon,rgadsdon9e@multiply.com,F,Financial Analyst,rgadsdon9e,Latvian
340,Sebastiano,Howe,showe9f@techcrunch.com,M,Software Consultant,showe9f,Swahili
341,Minny,Bletso,mbletso9g@icq.com,F,Product Engineer,mbletso9g,Albanian
342,Archibaldo,Towns,atowns9h@photobucket.com,M,Statistician I,atowns9h,French
343,Dalila,Le Grice,dlegrice9i@house.gov,F,Teacher,dlegrice9i,French
344,Tim,Shiel,tshiel9j@columbia.edu,M,Software Test Engineer III,tshiel9j,Gagauz
345,Antony,Kennham,akennham9k@alexa.com,M,Data Coordiator,akennham9k,Haitian Creole
346,Chandra,Smaile,csmaile9l@addtoany.com,F,Administrative Assistant II,csmaile9l,Tetum
347,Desmond,Volant,dvolant9m@netlog.com,M,VP Product Management,dvolant9m,Sotho
348,Jazmin,de Juares,jdejuares9n@wikimedia.org,F,Social Worker,jdejuares9n,Assamese
349,Ruperta,Manz,rmanz9o@phpbb.com,F,Biostatistician II,rmanz9o,Romanian
350,Matty,Dwight,mdwight9p@senate.gov,F,Product Engineer,mdwight9p,Norwegian
351,Donavon,Kiff,dkiff9q@rediff.com,M,Legal Assistant,dkiff9q,Kurdish
352,Ebeneser,Scotfurth,escotfurth9r@mail.ru,M,Civil Engineer,escotfurth9r,Korean
353,Nealson,Toogood,ntoogood9s@abc.net.au,M,Desktop Support Technician,ntoogood9s,Azeri
354,Jemie,McAulay,jmcaulay9t@umich.edu,F,Recruiter,jmcaulay9t,Gujarati
355,Tomlin,Feldharker,tfeldharker9u@google.pl,M,Marketing Manager,tfeldharker9u,Malayalam
356,Vic,Drackford,vdrackford9v@noaa.gov,M,Chief Design Engineer,vdrackford9v,Malagasy
357,Barnabe,Varsey,bvarsey9w@unc.edu,M,Financial Analyst,bvarsey9w,Catalan
358,Gus,Pury,gpury9x@ovh.net,F,Software Engineer II,gpury9x,Bulgarian
359,Ola,Ordemann,oordemann9y@sfgate.com,F,Nurse,oordemann9y,Irish Gaelic
360,Juliann,Boss,jboss9z@unicef.org,F,Developer III,jboss9z,Pashto
361,Skippie,Slyman,sslymana0@livejournal.com,M,Tax Accountant,sslymana0,Montenegrin
362,Gonzalo,Suddick,gsuddicka1@usatoday.com,M,Product Engineer,gsuddicka1,Albanian
363,Yankee,Kuhnert,ykuhnerta2@google.com.hk,M,General Manager,ykuhnerta2,Quechua
364,Kelbee,Coupar,kcoupara3@dedecms.com,M,Accounting Assistant II,kcoupara3,Arabic
365,Annecorinne,Broadberry,abroadberrya4@cargocollective.com,F,Editor,abroadberrya4,Kurdish
366,Charlton,Skynner,cskynnera5@t.co,M,Structural Engineer,cskynnera5,Lithuanian
367,Fransisco,Gargett,fgargetta6@facebook.com,M,Financial Analyst,fgargetta6,Gujarati
368,Broderick,Gonnet,bgonneta7@tripod.com,M,Nurse Practicioner,bgonneta7,Icelandic
369,Leontyne,Ryles,lrylesa8@stanford.edu,F,Operator,lrylesa8,Tswana
370,Luis,Shambroke,lshambrokea9@ask.com,M,Legal Assistant,lshambrokea9,Zulu
371,Edsel,Gomes,egomesaa@paginegialle.it,M,Assistant Professor,egomesaa,Telugu
372,Romonda,Arnaez,rarnaezab@printfriendly.com,F,Recruiter,rarnaezab,Oriya
373,Kayle,Bullen,kbullenac@yellowbook.com,F,Accountant III,kbullenac,Somali
374,Murry,Clac,mclacad@yale.edu,M,Structural Analysis Engineer,mclacad,Malayalam
375,Cherilyn,Bedwell,cbedwellae@hibu.com,F,Senior Editor,cbedwellae,Irish Gaelic
376,Dav,Petris,dpetrisaf@google.pl,M,Community Outreach Specialist,dpetrisaf,Sotho
377,Susann,Godmer,sgodmerag@tmall.com,F,Research Nurse,sgodmerag,Hiri Motu
378,Tess,Kirman,tkirmanah@wordpress.com,F,Analog Circuit Design manager,tkirmanah,Romanian
379,Rinaldo,Hiddsley,rhiddsleyai@home.pl,M,VP Accounting,rhiddsleyai,Hindi
380,Ardyth,Mussolini,amussoliniaj@mtv.com,F,Staff Accountant III,amussoliniaj,Bosnian
381,Linnie,Byre,lbyreak@jimdo.com,F,General Manager,lbyreak,Maltese
382,Adella,Quarless,aquarlessal@patch.com,F,Financial Advisor,aquarlessal,Tok Pisin
383,Tillie,Tersay,ttersayam@howstuffworks.com,F,Community Outreach Specialist,ttersayam,Italian
384,Chevalier,Flello,cflelloan@nhs.uk,M,VP Accounting,cflelloan,Maltese
385,Sile,Stonbridge,sstonbridgeao@sogou.com,F,Business Systems Development Analyst,sstonbridgeao,Albanian
386,Whit,Penhale,wpenhaleap@parallels.com,M,Structural Analysis Engineer,wpenhaleap,Greek
387,Vinson,Scutching,vscutchingaq@yolasite.com,M,Internal Auditor,vscutchingaq,Latvian
388,Winnie,Beckford,wbeckfordar@biblegateway.com,F,Sales Associate,wbeckfordar,Luxembourgish
389,Allyce,Bertwistle,abertwistleas@typepad.com,F,Food Chemist,abertwistleas,Finnish
390,Danice,Broschek,dbroschekat@joomla.org,F,Electrical Engineer,dbroschekat,Yiddish
391,Maxie,Fowler,mfowlerau@epa.gov,F,Data Coordiator,mfowlerau,Fijian
392,Fanny,Lowman,flowmanav@google.de,F,Biostatistician II,flowmanav,Tajik
393,Sergio,Jancso,sjancsoaw@lulu.com,M,Administrative Officer,sjancsoaw,Malagasy
394,Baron,Blazi,bblaziax@simplemachines.org,M,Dental Hygienist,bblaziax,Malagasy
395,Charles,Ridesdale,cridesdaleay@sourceforge.net,M,VP Quality Control,cridesdaleay,Swahili
396,Rourke,Littleproud,rlittleproudaz@google.co.jp,M,Junior Executive,rlittleproudaz,Azeri
397,Ernestine,Trimbey,etrimbeyb0@ow.ly,F,Sales Associate,etrimbeyb0,Spanish
398,Tore,Dollin,tdollinb1@irs.gov,M,Automation Specialist III,tdollinb1,Japanese
399,Patience,Dicky,pdickyb2@nifty.com,F,Automation Specialist II,pdickyb2,Haitian Creole
400,Minny,Bridgwood,mbridgwoodb3@tripod.com,F,Editor,mbridgwoodb3,Lithuanian
401,Linnea,Mulgrew,lmulgrewb4@altervista.org,F,Research Nurse,lmulgrewb4,Mongolian
402,Dorree,Venning,dvenningb5@paginegialle.it,F,Financial Analyst,dvenningb5,Moldovan
403,Cate,Croxall,ccroxallb6@msu.edu,F,VP Accounting,ccroxallb6,Catalan
404,Elnar,Belford,ebelfordb7@pen.io,M,VP Quality Control,ebelfordb7,Bengali
405,Alonso,Blasiak,ablasiakb8@istockphoto.com,M,Data Coordiator,ablasiakb8,Thai
406,Onida,Clemmow,oclemmowb9@dell.com,F,Graphic Designer,oclemmowb9,Nepali
407,Cordi,Dinsmore,cdinsmoreba@etsy.com,F,Tax Accountant,cdinsmoreba,Oriya
408,Dion,Cobbe,dcobbebb@baidu.com,F,VP Marketing,dcobbebb,Dari
409,Ashil,Crisford,acrisfordbc@stanford.edu,F,Help Desk Technician,acrisfordbc,Burmese
410,Elle,Perchard,eperchardbd@ebay.com,F,Environmental Specialist,eperchardbd,Gagauz
411,Ewen,Maclaine,emaclainebe@weibo.com,M,Account Representative IV,emaclainebe,Lithuanian
412,Pammy,Browncey,pbrownceybf@nydailynews.com,F,Business Systems Development Analyst,pbrownceybf,Gujarati
413,Karil,Kippin,kkippinbg@mysql.com,F,Accounting Assistant I,kkippinbg,Hebrew
414,Fannie,McKeever,fmckeeverbh@goodreads.com,F,Quality Control Specialist,fmckeeverbh,Dhivehi
415,Seymour,Puxley,spuxleybi@facebook.com,M,Nurse,spuxleybi,Bengali
416,Constanta,Macey,cmaceybj@hexun.com,F,Geological Engineer,cmaceybj,Estonian
417,Lyssa,McGifford,lmcgiffordbk@time.com,F,Social Worker,lmcgiffordbk,Haitian Creole
418,Blair,Muzzi,bmuzzibl@nih.gov,M,Speech Pathologist,bmuzzibl,Italian
419,Biddie,Golson,bgolsonbm@dailymail.co.uk,F,Occupational Therapist,bgolsonbm,Korean
420,Dorian,Ledgley,dledgleybn@dmoz.org,M,Tax Accountant,dledgleybn,Somali
421,Marlena,Iskov,miskovbo@amazonaws.com,F,Social Worker,miskovbo,Greek
422,Anjela,Pinfold,apinfoldbp@baidu.com,F,Actuary,apinfoldbp,Thai
423,Legra,Brinded,lbrindedbq@amazon.co.jp,F,Administrative Assistant III,lbrindedbq,Dari
424,Donnie,Cusick,dcusickbr@pcworld.com,M,VP Quality Control,dcusickbr,Croatian
425,Gav,Okroy,gokroybs@webeden.co.uk,M,Legal Assistant,gokroybs,Czech
426,Barde,Farquarson,bfarquarsonbt@joomla.org,M,Account Representative III,bfarquarsonbt,Oriya
427,Rourke,Tiptaft,rtiptaftbu@blogspot.com,M,Programmer I,rtiptaftbu,Hebrew
428,Alejandrina,Cahan,acahanbv@myspace.com,F,General Manager,acahanbv,Gujarati
429,Laird,Sams,lsamsbw@last.fm,M,Structural Analysis Engineer,lsamsbw,Malayalam
430,Kassi,Busfield,kbusfieldbx@alexa.com,F,Teacher,kbusfieldbx,Persian
431,Kristien,Andreone,kandreoneby@apache.org,F,Executive Secretary,kandreoneby,Zulu
432,Luca,O'Nions,lonionsbz@usnews.com,M,Actuary,lonionsbz,Swahili
433,Shell,Martineau,smartineauc0@rambler.ru,F,Assistant Manager,smartineauc0,Irish Gaelic
434,Sula,Chalfain,schalfainc1@prweb.com,F,Research Associate,schalfainc1,Lao
435,Nobie,Huerta,nhuertac2@1688.com,M,Data Coordiator,nhuertac2,Belarusian
436,Melodie,Tarburn,mtarburnc3@cnbc.com,F,General Manager,mtarburnc3,Tswana
437,Jourdan,Echelle,jechellec4@timesonline.co.uk,F,Administrative Assistant III,jechellec4,Malagasy
438,Joyous,Aulsford,jaulsfordc5@usa.gov,F,Civil Engineer,jaulsfordc5,Ndebele
439,Aymer,Myrie,amyriec6@cafepress.com,M,Accounting Assistant IV,amyriec6,Romanian
440,Sigfried,McBeath,smcbeathc7@cocolog-nifty.com,M,Accounting Assistant I,smcbeathc7,Dzongkha
441,Lucine,Letson,lletsonc8@wiley.com,F,Operator,lletsonc8,Telugu
442,Aubine,Bowie,abowiec9@who.int,F,Quality Control Specialist,abowiec9,Ndebele
443,Gayler,Greenmon,ggreenmonca@amazonaws.com,M,Recruiter,ggreenmonca,Haitian Creole
444,Corene,Massen,cmassencb@dailymotion.com,F,GIS Technical Architect,cmassencb,Kurdish
445,Giordano,Gasnell,ggasnellcc@cnbc.com,M,Sales Associate,ggasnellcc,Norwegian
446,Robinetta,Face,rfacecd@diigo.com,F,Associate Professor,rfacecd,Hungarian
447,Hyman,Strippel,hstrippelce@trellian.com,M,Recruiting Manager,hstrippelce,Tetum
448,Alexandros,Naisey,anaiseycf@vimeo.com,M,Assistant Professor,anaiseycf,Estonian
449,Curran,Lints,clintscg@instagram.com,M,Tax Accountant,clintscg,Hungarian
450,Mickey,Lafflina,mlafflinach@nature.com,M,Dental Hygienist,mlafflinach,German
451,Delbert,McEnhill,dmcenhillci@devhub.com,M,Biostatistician III,dmcenhillci,Assamese
452,Nanci,Carverhill,ncarverhillcj@sourceforge.net,F,Recruiting Manager,ncarverhillcj,Maltese
453,Luisa,Sallings,lsallingsck@de.vu,F,Chemical Engineer,lsallingsck,Lao
454,Quintin,Bache,qbachecl@intel.com,M,Product Engineer,qbachecl,Dari
455,Fionna,Chavrin,fchavrincm@vistaprint.com,F,General Manager,fchavrincm,Tajik
456,Betteann,Vasyunichev,bvasyunichevcn@tinyurl.com,F,Social Worker,bvasyunichevcn,Bulgarian
457,Patrice,Lochet,plochetco@1688.com,F,Health Coach IV,plochetco,Tetum
458,Thoma,Cail,tcailcp@epa.gov,M,Internal Auditor,tcailcp,Norwegian
459,Leoline,Cirlos,lcirloscq@npr.org,F,Graphic Designer,lcirloscq,Spanish
460,Garald,Ritzman,gritzmancr@mozilla.com,M,Account Representative IV,gritzmancr,Haitian Creole
461,Eustacia,Benediktovich,ebenediktovichcs@cbc.ca,F,Director of Sales,ebenediktovichcs,Luxembourgish
462,Julee,Hunting,jhuntingct@stumbleupon.com,F,Analog Circuit Design manager,jhuntingct,Persian
463,Frederich,Traite,ftraitecu@drupal.org,M,Technical Writer,ftraitecu,Bislama
464,Ermanno,Ingman,eingmancv@addthis.com,M,Help Desk Operator,eingmancv,West Frisian
465,Erminia,Spellacy,espellacycw@marketwatch.com,F,Software Engineer IV,espellacycw,Fijian
466,Renaud,Trenbay,rtrenbaycx@dot.gov,M,Developer IV,rtrenbaycx,Chinese
467,Brendis,Doul,bdoulcy@over-blog.com,M,Programmer Analyst I,bdoulcy,Azeri
468,Alexa,Allan,aallancz@i2i.jp,F,Staff Scientist,aallancz,Croatian
469,Kariotta,Patterfield,kpatterfieldd0@xinhuanet.com,F,Legal Assistant,kpatterfieldd0,Czech
470,Silvanus,McGrah,smcgrahd1@ezinearticles.com,M,Web Designer III,smcgrahd1,Guaraní
471,Valentijn,Snare,vsnared2@flavors.me,M,Nurse,vsnared2,Lithuanian
472,Avrom,Prosh,aproshd3@sohu.com,M,Data Coordiator,aproshd3,Kyrgyz
473,Ericha,de Chastelain,edechastelaind4@webnode.com,F,Paralegal,edechastelaind4,Persian
474,Hubey,Phare,hphared5@scientificamerican.com,M,Registered Nurse,hphared5,Maltese
475,La verne,Strover,lstroverd6@berkeley.edu,F,Web Developer IV,lstroverd6,Sotho
476,Gretal,Redfearn,gredfearnd7@blogs.com,F,Recruiter,gredfearnd7,German
477,Chen,Spurnier,cspurnierd8@nsw.gov.au,M,Graphic Designer,cspurnierd8,Tok Pisin
478,Nicky,Theuff,ntheuffd9@ocn.ne.jp,F,Structural Analysis Engineer,ntheuffd9,Spanish
479,Nickolas,Harragin,nharraginda@t.co,M,Accounting Assistant III,nharraginda,Assamese
480,Devin,Tenbrug,dtenbrugdb@ibm.com,F,Budget/Accounting Analyst IV,dtenbrugdb,Japanese
481,Gregoor,Geeves,ggeevesdc@naver.com,M,Community Outreach Specialist,ggeevesdc,Assamese
482,Belia,McCawley,bmccawleydd@ihg.com,F,Help Desk Technician,bmccawleydd,Marathi
483,Virgie,McMechan,vmcmechande@slate.com,F,Civil Engineer,vmcmechande,Czech
484,Gail,Mahon,gmahondf@oaic.gov.au,M,Biostatistician I,gmahondf,Bulgarian
485,Derek,Medcalfe,dmedcalfedg@mashable.com,M,Project Manager,dmedcalfedg,Danish
486,Henrik,Downie,hdowniedh@smugmug.com,M,Structural Analysis Engineer,hdowniedh,Gagauz
487,Emmy,Maplesden,emaplesdendi@google.es,M,Director of Sales,emaplesdendi,Japanese
488,Delcine,Bowton,dbowtondj@ustream.tv,F,Food Chemist,dbowtondj,Romanian
489,Augustine,Senyard,asenyarddk@cdbaby.com,F,Product Engineer,asenyarddk,Telugu
490,Dal,Ugolotti,dugolottidl@yelp.com,M,Professor,dugolottidl,Portuguese
491,Giustino,Statter,gstatterdm@omniture.com,M,Pharmacist,gstatterdm,Norwegian
492,Crystie,Tidridge,ctidridgedn@ebay.co.uk,F,Analog Circuit Design manager,ctidridgedn,Croatian
493,Dar,Wudeland,dwudelanddo@nps.gov,M,Data Coordiator,dwudelanddo,Korean
494,Sheridan,Monger,smongerdp@yahoo.com,M,Speech Pathologist,smongerdp,Aymara
495,Nappy,Chrystie,nchrystiedq@tmall.com,M,General Manager,nchrystiedq,Sotho
496,Kenon,Glanton,kglantondr@dell.com,M,Food Chemist,kglantondr,Telugu
497,Doro,Hayers,dhayersds@mediafire.com,F,Professor,dhayersds,Azeri
498,Adelaida,Stetlye,astetlyedt@w3.org,F,Human Resources Manager,astetlyedt,Romanian
499,Maison,Ambrus,mambrusdu@cnn.com,M,Statistician I,mambrusdu,Somali
500,Stacie,Proudlove,sproudlovedv@pagesperso-orange.fr,F,Human Resources Assistant I,sproudlovedv,Amharic
501,Tricia,Penbarthy,tpenbarthydw@a8.net,F,Automation Specialist II,tpenbarthydw,Malagasy
502,Carmencita,Sherwyn,csherwyndx@blogs.com,F,Teacher,csherwyndx,Lithuanian
503,Lana,Polland,lpollanddy@i2i.jp,F,Account Coordinator,lpollanddy,Zulu
504,Nada,South,nsouthdz@wikispaces.com,F,Marketing Manager,nsouthdz,Albanian
505,Trefor,Reeds,treedse0@naver.com,M,Pharmacist,treedse0,Belarusian
506,Bobina,Plose,bplosee1@abc.net.au,F,Senior Developer,bplosee1,Tetum
507,Neilla,Shewery,nshewerye2@netvibes.com,F,Environmental Specialist,nshewerye2,Hiri Motu
508,Edvard,Ledeker,eledekere3@themeforest.net,M,Environmental Specialist,eledekere3,Montenegrin
509,Simeon,Dodgson,sdodgsone4@va.gov,M,VP Accounting,sdodgsone4,Moldovan
510,Julianna,Duhig,jduhige5@earthlink.net,F,Food Chemist,jduhige5,Amharic
511,Brandi,Millgate,bmillgatee6@altervista.org,F,Account Coordinator,bmillgatee6,Swati
512,Willem,Dablin,wdabline7@aol.com,M,Design Engineer,wdabline7,Tamil
513,Yehudit,Dole,ydolee8@vimeo.com,M,Chemical Engineer,ydolee8,Armenian
514,Chip,Arckoll,carckolle9@ed.gov,M,Nuclear Power Engineer,carckolle9,Sotho
515,Elliott,Genthner,egenthnerea@arizona.edu,M,Chemical Engineer,egenthnerea,Oriya
516,Jamesy,Humphrys,jhumphryseb@usgs.gov,M,Registered Nurse,jhumphryseb,Montenegrin
517,Nicola,MacKeig,nmackeigec@economist.com,F,VP Sales,nmackeigec,Dari
518,Ruthi,McCard,rmccarded@unesco.org,F,Associate Professor,rmccarded,Hindi
519,Tracey,Mowsdill,tmowsdillee@geocities.jp,M,Editor,tmowsdillee,Dutch
520,Walden,Fenich,wfenichef@wsj.com,M,Recruiting Manager,wfenichef,Lithuanian
521,Therine,De la Yglesia,tdelayglesiaeg@blogs.com,F,Teacher,tdelayglesiaeg,German
522,Rowena,Goldstone,rgoldstoneeh@hhs.gov,F,Structural Analysis Engineer,rgoldstoneeh,Czech
523,Perrine,Morratt,pmorrattei@techcrunch.com,F,Media Manager III,pmorrattei,Portuguese
524,Cad,Kolodziejski,ckolodziejskiej@elegantthemes.com,M,Senior Developer,ckolodziejskiej,Albanian
525,Ivie,Chatelot,ichatelotek@bandcamp.com,F,Food Chemist,ichatelotek,Swahili
526,Georgeanne,Heavyside,gheavysideel@seesaa.net,F,Research Nurse,gheavysideel,Bulgarian
527,Akim,Wintringham,awintringhamem@digg.com,M,Environmental Tech,awintringhamem,Kashmiri
528,Terencio,Geffen,tgeffenen@cdbaby.com,M,Software Engineer I,tgeffenen,Thai
529,Romeo,Meecher,rmeechereo@skyrock.com,M,Product Engineer,rmeechereo,Malagasy
530,Arly,Churn,achurnep@exblog.jp,F,Help Desk Operator,achurnep,Irish Gaelic
531,Temp,Farnorth,tfarnortheq@tinyurl.com,M,Budget/Accounting Analyst II,tfarnortheq,Malagasy
532,Phil,MacGuiness,pmacguinesser@intel.com,F,Environmental Specialist,pmacguinesser,Māori
533,Kennedy,Rowney,krowneyes@cbslocal.com,M,Physical Therapy Assistant,krowneyes,Swedish
534,Shel,Ciubutaro,sciubutaroet@icq.com,F,Paralegal,sciubutaroet,Tamil
535,Marsiella,Bourges,mbourgeseu@ca.gov,F,Paralegal,mbourgeseu,Lao
536,Vivian,McCaskill,vmccaskillev@cdbaby.com,F,Geologist I,vmccaskillev,Sotho
537,Doralin,Shane,dshaneew@163.com,F,Teacher,dshaneew,Māori
538,Mead,O'Hagirtie,mohagirtieex@blog.com,F,Analyst Programmer,mohagirtieex,Dari
539,Dalli,Kezourec,dkezourecey@yale.edu,M,Associate Professor,dkezourecey,Khmer
540,Chrissie,Sweetmore,csweetmoreez@answers.com,F,Help Desk Technician,csweetmoreez,Greek
541,Mycah,Bugg,mbuggf0@admin.ch,M,Recruiting Manager,mbuggf0,Pashto
542,Kimmi,Dmiterko,kdmiterkof1@reddit.com,F,Payment Adjustment Coordinator,kdmiterkof1,Maltese
543,Bruno,Long,blongf2@guardian.co.uk,M,Civil Engineer,blongf2,Arabic
544,Alfonse,Kivlin,akivlinf3@sphinn.com,M,Web Developer I,akivlinf3,Latvian
545,Salli,Hintze,shintzef4@xinhuanet.com,F,Information Systems Manager,shintzef4,Sotho
546,Haskel,Jess,hjessf5@abc.net.au,M,Chief Design Engineer,hjessf5,Khmer
547,Worden,Siret,wsiretf6@cyberchimps.com,M,Dental Hygienist,wsiretf6,Albanian
548,Jeanelle,Spleving,jsplevingf7@plala.or.jp,F,Civil Engineer,jsplevingf7,Maltese
549,Clair,O'Corhane,cocorhanef8@diigo.com,F,Human Resources Assistant I,cocorhanef8,Kazakh
550,Mauricio,Bickersteth,mbickerstethf9@dion.ne.jp,M,Physical Therapy Assistant,mbickerstethf9,Tetum
551,Roch,Gilham,rgilhamfa@unblog.fr,F,Nuclear Power Engineer,rgilhamfa,Punjabi
552,Elfreda,Lamburn,elamburnfb@nydailynews.com,F,Human Resources Assistant IV,elamburnfb,Luxembourgish
553,Paulina,Griston,pgristonfc@netvibes.com,F,Account Coordinator,pgristonfc,Maltese
554,Davide,Winstanley,dwinstanleyfd@trellian.com,M,Account Coordinator,dwinstanleyfd,Japanese
555,Tiena,Brasner,tbrasnerfe@illinois.edu,F,Community Outreach Specialist,tbrasnerfe,Portuguese
556,Rodger,Scrivener,rscrivenerff@pcworld.com,M,Sales Associate,rscrivenerff,Georgian
557,Vincenty,Seeman,vseemanfg@facebook.com,M,Legal Assistant,vseemanfg,Greek
558,Natty,Haggith,nhaggithfh@uol.com.br,F,Compensation Analyst,nhaggithfh,Portuguese
559,Somerset,Paddingdon,spaddingdonfi@slideshare.net,M,Analog Circuit Design manager,spaddingdonfi,Bengali
560,Ron,Hambrick,rhambrickfj@over-blog.com,M,Graphic Designer,rhambrickfj,Thai
561,Flo,Dougharty,fdoughartyfk@miitbeian.gov.cn,F,Editor,fdoughartyfk,Ndebele
562,Diarmid,Mollison,dmollisonfl@wunderground.com,M,Accounting Assistant III,dmollisonfl,Somali
563,Wendye,Massenhove,wmassenhovefm@geocities.jp,F,Account Coordinator,wmassenhovefm,Dari
564,Franni,Dossit,fdossitfn@youtu.be,F,Biostatistician IV,fdossitfn,English
565,Grace,Isselee,gisseleefo@tinypic.com,M,Sales Associate,gisseleefo,Belarusian
566,Winthrop,Dimblebee,wdimblebeefp@msn.com,M,Teacher,wdimblebeefp,Romanian
567,Nichole,Antley,nantleyfq@wsj.com,F,Analyst Programmer,nantleyfq,Greek
568,Vite,Dury,vduryfr@ycombinator.com,M,Automation Specialist IV,vduryfr,Estonian
569,Karoly,Mongeot,kmongeotfs@oracle.com,F,Recruiter,kmongeotfs,Dutch
570,Kari,Noriega,knoriegaft@archive.org,F,Geological Engineer,knoriegaft,English
571,Blondie,Waskett,bwaskettfu@scientificamerican.com,F,VP Marketing,bwaskettfu,Bengali
572,Upton,Currie,ucurriefv@ycombinator.com,M,Budget/Accounting Analyst I,ucurriefv,Filipino
573,Nicoli,Espino,nespinofw@bloomberg.com,F,Analog Circuit Design manager,nespinofw,Tswana
574,Elnora,Lofts,eloftsfx@samsung.com,F,Biostatistician I,eloftsfx,Bosnian
575,Guillermo,Foxcroft,gfoxcroftfy@liveinternet.ru,M,Chief Design Engineer,gfoxcroftfy,Estonian
576,Cleavland,Heugle,cheuglefz@jigsy.com,M,Media Manager III,cheuglefz,Swati
577,Adrianna,Caldeiro,acaldeirog0@arizona.edu,F,Operator,acaldeirog0,Azeri
578,Ilyssa,Baxstare,ibaxstareg1@rakuten.co.jp,F,Software Test Engineer I,ibaxstareg1,Belarusian
579,Cindra,Beames,cbeamesg2@pcworld.com,F,Assistant Professor,cbeamesg2,Haitian Creole
580,Randie,Zink,rzinkg3@cyberchimps.com,M,Marketing Assistant,rzinkg3,Malagasy
581,Ruth,Detloff,rdetloffg4@blog.com,F,Automation Specialist I,rdetloffg4,Kurdish
582,Jacquette,Koppen,jkoppeng5@businessweek.com,F,Recruiter,jkoppeng5,Czech
583,Even,Droogan,edroogang6@indiegogo.com,M,Civil Engineer,edroogang6,Bulgarian
584,Julius,Taynton,jtayntong7@mysql.com,M,Social Worker,jtayntong7,Montenegrin
585,Johny,Boich,jboichg8@intel.com,M,General Manager,jboichg8,Ndebele
586,Ryann,Philippet,rphilippetg9@yelp.com,F,Statistician IV,rphilippetg9,Burmese
587,Nady,McEvilly,nmcevillyga@amazon.co.uk,F,Research Assistant I,nmcevillyga,Bosnian
588,Yulma,Pinn,ypinngb@ftc.gov,M,Analyst Programmer,ypinngb,Telugu
589,Ofelia,Docksey,odockseygc@google.com.hk,F,Marketing Manager,odockseygc,Greek
590,Harrie,Scoggins,hscogginsgd@parallels.com,F,Operator,hscogginsgd,Northern Sotho
591,Lilli,Bernlin,lbernlinge@netlog.com,F,Tax Accountant,lbernlinge,Greek
592,Thorsten,Gemlett,tgemlettgf@europa.eu,M,Marketing Assistant,tgemlettgf,Tsonga
593,Luz,Giacomazzo,lgiacomazzogg@wikispaces.com,F,Developer I,lgiacomazzogg,Kashmiri
594,Aldis,Faircliffe,afaircliffegh@sourceforge.net,M,Accountant I,afaircliffegh,Lithuanian
595,Lanni,Crowdace,lcrowdacegi@about.com,F,Occupational Therapist,lcrowdacegi,Korean
596,Guillemette,Leavold,gleavoldgj@weather.com,F,Senior Developer,gleavoldgj,Malagasy
597,Gradeigh,Silby,gsilbygk@bbb.org,M,Cost Accountant,gsilbygk,Ndebele
598,Milli,Mokes,mmokesgl@dell.com,F,Senior Financial Analyst,mmokesgl,Tamil
599,Kayne,Doorbar,kdoorbargm@example.com,M,Design Engineer,kdoorbargm,Marathi
600,Tove,Glossop,tglossopgn@addtoany.com,F,Assistant Professor,tglossopgn,Luxembourgish
601,Alethea,Bettison,abettisongo@domainmarket.com,F,Statistician II,abettisongo,French
602,Chaunce,Leaves,cleavesgp@hostgator.com,M,VP Product Management,cleavesgp,French
603,Nanete,Ding,ndinggq@dedecms.com,F,Safety Technician I,ndinggq,Guaraní
604,Orrin,Cluse,oclusegr@shutterfly.com,M,Senior Financial Analyst,oclusegr,Catalan
605,Fergus,Suffield,fsuffieldgs@woothemes.com,M,Marketing Assistant,fsuffieldgs,Persian
606,Jerrilyn,Cleatherow,jcleatherowgt@omniture.com,F,Occupational Therapist,jcleatherowgt,Tswana
607,Brett,Bohike,bbohikegu@epa.gov,F,Desktop Support Technician,bbohikegu,Kannada
608,Zacharias,Ream,zreamgv@va.gov,M,Food Chemist,zreamgv,Macedonian
609,Marney,Calam,mcalamgw@sitemeter.com,F,Product Engineer,mcalamgw,Kannada
610,Tommy,Cathesyed,tcathesyedgx@google.de,M,Graphic Designer,tcathesyedgx,Spanish
611,Edik,Zorzi,ezorzigy@zdnet.com,M,Mechanical Systems Engineer,ezorzigy,Bosnian
612,Oriana,Krysztofiak,okrysztofiakgz@tamu.edu,F,Analyst Programmer,okrysztofiakgz,Croatian
613,Jorry,Durrant,jdurranth0@prnewswire.com,F,Professor,jdurranth0,Spanish
614,Wilone,Davidowich,wdavidowichh1@over-blog.com,F,Legal Assistant,wdavidowichh1,Mongolian
615,Reynard,MacAlaster,rmacalasterh2@lulu.com,M,Executive Secretary,rmacalasterh2,Thai
616,Waverley,Crouch,wcrouchh3@smugmug.com,M,Compensation Analyst,wcrouchh3,Tok Pisin
617,Cicely,Frear,cfrearh4@unicef.org,F,Structural Engineer,cfrearh4,Bislama
618,Lenka,Langsbury,llangsburyh5@ft.com,F,Business Systems Development Analyst,llangsburyh5,Fijian
619,Randall,Smallpeice,rsmallpeiceh6@forbes.com,M,Payment Adjustment Coordinator,rsmallpeiceh6,Marathi
620,Jandy,Wallbanks,jwallbanksh7@theatlantic.com,F,Account Coordinator,jwallbanksh7,Latvian
621,Titus,Ritter,tritterh8@addthis.com,M,Nurse,tritterh8,Khmer
622,Morgun,Manketell,mmanketellh9@nba.com,M,Nurse,mmanketellh9,French
623,Brande,Levi,bleviha@tmall.com,F,Senior Sales Associate,bleviha,Romanian
624,Olav,Fuggle,ofugglehb@cam.ac.uk,M,Compensation Analyst,ofugglehb,Kurdish
625,Tierney,Northwood,tnorthwoodhc@ucoz.ru,F,Executive Secretary,tnorthwoodhc,Thai
626,Sileas,Daley,sdaleyhd@usgs.gov,F,Junior Executive,sdaleyhd,Kazakh
627,Jedidiah,Frew,jfrewhe@vk.com,M,Account Representative I,jfrewhe,Tajik
628,Alon,Gudge,agudgehf@dyndns.org,M,Budget/Accounting Analyst III,agudgehf,Macedonian
629,Layla,Jacquet,ljacquethg@amazon.co.jp,F,Community Outreach Specialist,ljacquethg,Czech
630,Dasha,Shard,dshardhh@live.com,F,Cost Accountant,dshardhh,Tsonga
631,Wendy,Wakes,wwakeshi@gravatar.com,F,Web Developer III,wwakeshi,Aymara
632,Karlen,Mozzini,kmozzinihj@clickbank.net,F,Statistician IV,kmozzinihj,Tok Pisin
633,Patrice,Aylmer,paylmerhk@vinaora.com,F,Clinical Specialist,paylmerhk,Afrikaans
634,Loren,Dudlestone,ldudlestonehl@taobao.com,F,Actuary,ldudlestonehl,Malagasy
635,Baird,Chattoe,bchattoehm@slideshare.net,M,Dental Hygienist,bchattoehm,Persian
636,Nickolai,Humpatch,nhumpatchhn@ed.gov,M,Media Manager II,nhumpatchhn,Korean
637,Skelly,Sokill,ssokillho@blogger.com,M,Engineer I,ssokillho,Luxembourgish
638,Neal,Trotton,ntrottonhp@google.com.hk,M,Nurse Practicioner,ntrottonhp,Aymara
639,Read,Orpen,rorpenhq@netscape.com,M,Dental Hygienist,rorpenhq,Georgian
640,Rhiamon,Tournie,rtourniehr@miitbeian.gov.cn,F,VP Quality Control,rtourniehr,Burmese
641,Guillaume,Limmer,glimmerhs@reuters.com,M,Librarian,glimmerhs,Telugu
642,Eldredge,Capaldi,ecapaldiht@123-reg.co.uk,M,Human Resources Assistant III,ecapaldiht,Swahili
643,Benedikt,Daley,bdaleyhu@skyrock.com,M,Programmer II,bdaleyhu,Dzongkha
644,Tyrus,Cearley,tcearleyhv@prweb.com,M,Food Chemist,tcearleyhv,Hungarian
645,Mattias,Bugbee,mbugbeehw@about.me,M,Teacher,mbugbeehw,Fijian
646,Casandra,Kienlein,ckienleinhx@umich.edu,F,Associate Professor,ckienleinhx,West Frisian
647,Naomi,Ailmer,nailmerhy@addthis.com,F,Assistant Professor,nailmerhy,Bislama
648,Edvard,Kerslake,ekerslakehz@webs.com,M,Account Executive,ekerslakehz,Tamil
649,Arden,Murden,amurdeni0@blog.com,F,Chemical Engineer,amurdeni0,Indonesian
650,Jone,Astley,jastleyi1@sitemeter.com,M,Nurse Practicioner,jastleyi1,Pashto
651,Babette,Creamer,bcreameri2@arizona.edu,F,Senior Sales Associate,bcreameri2,Dzongkha
652,Fonz,Thorowgood,fthorowgoodi3@meetup.com,M,Compensation Analyst,fthorowgoodi3,Greek
653,Curtis,Reimers,creimersi4@acquirethisname.com,M,Business Systems Development Analyst,creimersi4,Swedish
654,Ky,Freyn,kfreyni5@fda.gov,M,Financial Advisor,kfreyni5,English
655,Filip,Burnip,fburnipi6@devhub.com,M,Nuclear Power Engineer,fburnipi6,Armenian
656,Gabbey,Kubacek,gkubaceki7@instagram.com,F,Senior Cost Accountant,gkubaceki7,Luxembourgish
657,Seward,Heller,shelleri8@google.co.uk,M,Human Resources Manager,shelleri8,Romanian
658,Nollie,Benedidick,nbenedidicki9@nydailynews.com,F,Project Manager,nbenedidicki9,Indonesian
659,Juliette,Sambiedge,jsambiedgeia@ihg.com,F,Web Designer III,jsambiedgeia,Norwegian
660,Ethan,Louth,elouthib@ebay.co.uk,M,Analyst Programmer,elouthib,Punjabi
661,Wilona,Sharman,wsharmanic@amazonaws.com,F,Teacher,wsharmanic,Latvian
662,Gino,McKag,gmckagid@aol.com,M,Editor,gmckagid,Greek
663,Dedra,Cassy,dcassyie@msu.edu,F,Media Manager II,dcassyie,Albanian
664,Lukas,Simion,lsimionif@telegraph.co.uk,M,Administrative Assistant I,lsimionif,Assamese
665,Marion,Hedling,mhedlingig@illinois.edu,M,Nuclear Power Engineer,mhedlingig,Punjabi
666,Kippy,McGaughie,kmcgaughieih@qq.com,M,Senior Editor,kmcgaughieih,Chinese
667,Jeffry,Eskriet,jeskrietii@sourceforge.net,M,Design Engineer,jeskrietii,Lithuanian
668,Paddie,Brammall,pbrammallij@ox.ac.uk,M,Nuclear Power Engineer,pbrammallij,Gujarati
669,Laraine,Carncross,lcarncrossik@hud.gov,F,Executive Secretary,lcarncrossik,Luxembourgish
670,Doralia,Fanthom,dfanthomil@hibu.com,F,Editor,dfanthomil,Quechua
671,Fara,Barbrick,fbarbrickim@telegraph.co.uk,F,Research Associate,fbarbrickim,Estonian
672,Tremayne,Novacek,tnovacekin@google.ru,M,Nurse Practicioner,tnovacekin,Portuguese
673,Gladi,Moralis,gmoralisio@reference.com,F,VP Marketing,gmoralisio,Dzongkha
674,Lianna,Kirgan,lkirganip@fema.gov,F,Programmer Analyst III,lkirganip,Kashmiri
675,Jameson,Josham,jjoshamiq@ucsd.edu,M,Help Desk Technician,jjoshamiq,Irish Gaelic
676,Lynnette,Bourgaize,lbourgaizeir@ted.com,F,Help Desk Technician,lbourgaizeir,Dutch
677,Ivett,Knowlson,iknowlsonis@homestead.com,F,Speech Pathologist,iknowlsonis,Hebrew
678,Woodman,Huffadine,whuffadineit@newyorker.com,M,Financial Advisor,whuffadineit,Thai
679,Tandie,Bryceson,tbrycesoniu@163.com,F,Budget/Accounting Analyst IV,tbrycesoniu,Azeri
680,Putnam,Donnel,pdonneliv@kickstarter.com,M,Accounting Assistant I,pdonneliv,German
681,Robers,Crinion,rcrinioniw@sbwire.com,M,Staff Scientist,rcrinioniw,Moldovan
682,Pebrook,Abelwhite,pabelwhiteix@csmonitor.com,M,Programmer Analyst I,pabelwhiteix,Sotho
683,Haleigh,Pering,hperingiy@hibu.com,M,Research Nurse,hperingiy,Norwegian
684,Bertha,Manes,bmanesiz@uiuc.edu,F,Automation Specialist III,bmanesiz,Montenegrin
685,Ilysa,Ebbers,iebbersj0@europa.eu,F,Computer Systems Analyst IV,iebbersj0,Fijian
686,Boone,Troop,btroopj1@blogs.com,M,VP Quality Control,btroopj1,English
687,Katrina,Sollowaye,ksollowayej2@amazon.com,F,Graphic Designer,ksollowayej2,Hiri Motu
688,Basile,Kneath,bkneathj3@dagondesign.com,M,Senior Financial Analyst,bkneathj3,Ndebele
689,Felike,Wemes,fwemesj4@angelfire.com,M,Software Consultant,fwemesj4,Kashmiri
690,Rolland,Shatliff,rshatliffj5@slideshare.net,M,Biostatistician I,rshatliffj5,English
691,Deena,Edie,dediej6@over-blog.com,F,Operator,dediej6,New Zealand Sign Language
692,Trace,McSparran,tmcsparranj7@zimbio.com,M,Junior Executive,tmcsparranj7,Chinese
693,Dorolisa,Howett,dhowettj8@hibu.com,F,Tax Accountant,dhowettj8,Arabic
694,Othello,Cloughton,ocloughtonj9@theglobeandmail.com,M,Research Assistant II,ocloughtonj9,Kannada
695,Lincoln,Genders,lgendersja@networkadvertising.org,M,Environmental Specialist,lgendersja,Nepali
696,Katharine,Ridings,kridingsjb@cnn.com,F,Analog Circuit Design manager,kridingsjb,Albanian
697,Cris,Aubin,caubinjc@guardian.co.uk,F,Financial Analyst,caubinjc,Icelandic
698,Norrie,Anstie,nanstiejd@businesswire.com,M,Professor,nanstiejd,Thai
699,Tami,Bortol,tbortolje@skyrock.com,F,Assistant Media Planner,tbortolje,Zulu
700,Mickie,Eveling,mevelingjf@facebook.com,M,Human Resources Assistant III,mevelingjf,Nepali
701,Rhona,Swayte,rswaytejg@google.com.hk,F,Human Resources Assistant I,rswaytejg,English
702,Charles,McCoveney,cmccoveneyjh@guardian.co.uk,M,Actuary,cmccoveneyjh,Maltese
703,Melloney,Currall,mcurrallji@digg.com,F,Mechanical Systems Engineer,mcurrallji,Dutch
704,Korrie,Clericoates,kclericoatesjj@wikimedia.org,F,Software Engineer II,kclericoatesjj,Montenegrin
705,Oby,Lanyon,olanyonjk@soup.io,M,Marketing Assistant,olanyonjk,Moldovan
706,Alaric,Scruton,ascrutonjl@hubpages.com,M,Dental Hygienist,ascrutonjl,Hindi
707,Cristina,Gehrtz,cgehrtzjm@mozilla.org,F,VP Accounting,cgehrtzjm,Tamil
708,Derron,Durran,ddurranjn@yahoo.co.jp,M,Budget/Accounting Analyst III,ddurranjn,Aymara
709,Michelle,O'Kuddyhy,mokuddyhyjo@google.com.hk,F,Analog Circuit Design manager,mokuddyhyjo,Malagasy
710,Carlotta,Denver,cdenverjp@webnode.com,F,Speech Pathologist,cdenverjp,Somali
711,Reggi,Chimienti,rchimientijq@prlog.org,F,Geological Engineer,rchimientijq,Azeri
712,Ariella,Cherrison,acherrisonjr@princeton.edu,F,Data Coordiator,acherrisonjr,Tok Pisin
713,Stoddard,Cicchinelli,scicchinellijs@yolasite.com,F,Teacher,scicchinellijs,Gagauz
714,Mariquilla,Gebb,mgebbjt@ameblo.jp,F,Staff Scientist,mgebbjt,Nepali
715,Fifine,Conniam,fconniamju@odnoklassniki.ru,F,Account Executive,fconniamju,Yiddish
716,Rheba,Vonderdell,rvonderdelljv@yellowpages.com,F,Geologist III,rvonderdelljv,Irish Gaelic
717,Troy,Seine,tseinejw@purevolume.com,M,Payment Adjustment Coordinator,tseinejw,Tajik
718,Clement,Landeaux,clandeauxjx@google.ru,M,Developer III,clandeauxjx,Latvian
719,Tracey,Lenihan,tlenihanjy@cloudflare.com,F,Biostatistician III,tlenihanjy,Lithuanian
720,Lilia,Caldicot,lcaldicotjz@paypal.com,F,Junior Executive,lcaldicotjz,Norwegian
721,Arv,Janowicz,ajanowiczk0@jalbum.net,M,VP Product Management,ajanowiczk0,West Frisian
722,Marena,Tabor,mtabork1@reference.com,F,VP Product Management,mtabork1,Filipino
723,Audy,Scain,ascaink2@sourceforge.net,F,Product Engineer,ascaink2,Tswana
724,Karlie,Scoterbosh,kscoterboshk3@studiopress.com,F,Graphic Designer,kscoterboshk3,Afrikaans
725,Stephani,Catterill,scatterillk4@engadget.com,F,Financial Analyst,scatterillk4,Moldovan
726,Sheffy,Curtois,scurtoisk5@4shared.com,M,Web Designer II,scurtoisk5,Telugu
727,Maggy,Ivasechko,mivasechkok6@unicef.org,F,Business Systems Development Analyst,mivasechkok6,Sotho
728,Rriocard,Zuanelli,rzuanellik7@nih.gov,M,Director of Sales,rzuanellik7,Thai
729,Denver,Braywood,dbraywoodk8@nifty.com,M,Compensation Analyst,dbraywoodk8,Swahili
730,Jayme,Cordingley,jcordingleyk9@fc2.com,F,Community Outreach Specialist,jcordingleyk9,Filipino
731,Cherry,De Bernardis,cdebernardiska@elegantthemes.com,F,Nurse,cdebernardiska,Macedonian
732,Sherman,Dowzell,sdowzellkb@umich.edu,M,Web Designer II,sdowzellkb,Tajik
733,Had,Gerrit,hgerritkc@sphinn.com,M,Assistant Professor,hgerritkc,Albanian
734,Anne-corinne,Selly,asellykd@i2i.jp,F,Senior Editor,asellykd,Tsonga
735,Dorita,Siene,dsieneke@cam.ac.uk,F,Food Chemist,dsieneke,Spanish
736,Waylen,Christopher,wchristopherkf@yandex.ru,M,Budget/Accounting Analyst II,wchristopherkf,Telugu
737,Aubrette,Penfold,apenfoldkg@yandex.ru,F,Assistant Manager,apenfoldkg,Montenegrin
738,Beryle,Affleck,baffleckkh@wix.com,F,Assistant Manager,baffleckkh,Tsonga
739,Lonnie,Kembley,lkembleyki@businessweek.com,M,Administrative Assistant IV,lkembleyki,Tok Pisin
740,Stevy,Thompstone,sthompstonekj@simplemachines.org,M,Pharmacist,sthompstonekj,Hiri Motu
741,Tallie,Northill,tnorthillkk@reddit.com,F,VP Sales,tnorthillkk,Bislama
742,Filide,Chipperfield,fchipperfieldkl@sina.com.cn,F,Financial Analyst,fchipperfieldkl,Italian
743,Case,Aasaf,caasafkm@princeton.edu,M,Tax Accountant,caasafkm,English
744,Elianore,Thomsen,ethomsenkn@hugedomains.com,F,Social Worker,ethomsenkn,Lao
745,Chicky,Canellas,ccanellasko@vk.com,M,Social Worker,ccanellasko,Persian
746,Hercule,Townrow,htownrowkp@biblegateway.com,M,Research Assistant IV,htownrowkp,Malagasy
747,Arin,Looker,alookerkq@pinterest.com,M,Programmer Analyst II,alookerkq,Ndebele
748,Rheta,Kellitt,rkellittkr@weather.com,F,Structural Engineer,rkellittkr,Dari
749,Kessia,Pirelli,kpirelliks@qq.com,F,Project Manager,kpirelliks,Tswana
750,Twyla,Pettko,tpettkokt@digg.com,F,Information Systems Manager,tpettkokt,Amharic
751,Angelia,Smurthwaite,asmurthwaiteku@geocities.com,F,Senior Editor,asmurthwaiteku,Chinese
752,Duke,Klaassens,dklaassenskv@whitehouse.gov,M,Biostatistician IV,dklaassenskv,Hindi
753,Tobit,Dunne,tdunnekw@nih.gov,M,Civil Engineer,tdunnekw,Tajik
754,Tulley,Giacobillo,tgiacobillokx@tinypic.com,M,Analog Circuit Design manager,tgiacobillokx,Dutch
755,Fan,Wagnerin,fwagnerinky@buzzfeed.com,F,Budget/Accounting Analyst I,fwagnerinky,Punjabi
756,Charil,Spawforth,cspawforthkz@blogger.com,F,Project Manager,cspawforthkz,Lithuanian
757,Fannie,Scawn,fscawnl0@who.int,F,VP Marketing,fscawnl0,Kashmiri
758,Jaclin,McTaggart,jmctaggartl1@vk.com,F,Technical Writer,jmctaggartl1,Afrikaans
759,Burg,Wicklin,bwicklinl2@cloudflare.com,M,Sales Representative,bwicklinl2,Montenegrin
760,Benjy,Akett,bakettl3@google.com.au,M,Assistant Media Planner,bakettl3,Swati
761,Fleur,Lammenga,flammengal4@godaddy.com,F,Legal Assistant,flammengal4,Gagauz
762,Jenilee,Ben,jbenl5@topsy.com,F,Design Engineer,jbenl5,Hiri Motu
763,Clarence,Olley,colleyl6@ed.gov,M,Business Systems Development Analyst,colleyl6,Amharic
764,Irena,Backman,ibackmanl7@hao123.com,F,Software Consultant,ibackmanl7,Afrikaans
765,Ellery,Highman,ehighmanl8@jimdo.com,M,Assistant Media Planner,ehighmanl8,Spanish
766,Milty,Colegate,mcolegatel9@istockphoto.com,M,Chemical Engineer,mcolegatel9,Sotho
767,Leoline,Kearney,lkearneyla@sogou.com,F,Sales Associate,lkearneyla,Yiddish
768,Brynn,Giscken,bgisckenlb@biblegateway.com,F,VP Quality Control,bgisckenlb,Croatian
769,Delora,Fellibrand,dfellibrandlc@seattletimes.com,F,Web Developer II,dfellibrandlc,Oriya
770,Justino,Tallboy,jtallboyld@sogou.com,M,Senior Cost Accountant,jtallboyld,Hindi
771,Englebert,Gowrich,egowrichle@chronoengine.com,M,Teacher,egowrichle,English
772,Renata,Bog,rboglf@forbes.com,F,Nuclear Power Engineer,rboglf,Somali
773,Shel,Tillerton,stillertonlg@epa.gov,F,Recruiting Manager,stillertonlg,Papiamento
774,Saleem,Corrao,scorraolh@miibeian.gov.cn,M,Software Consultant,scorraolh,Azeri
775,Yankee,Matelyunas,ymatelyunasli@cmu.edu,M,Paralegal,ymatelyunasli,English
776,Liam,Tattersill,ltattersilllj@t-online.de,M,Office Assistant II,ltattersilllj,Portuguese
777,Zolly,Nulty,znultylk@dion.ne.jp,M,Statistician IV,znultylk,Northern Sotho
778,Dwight,Munning,dmunningll@shutterfly.com,M,Account Coordinator,dmunningll,Tswana
779,Trever,Boshard,tboshardlm@archive.org,M,Internal Auditor,tboshardlm,Pashto
780,Toinette,Keveren,tkeverenln@odnoklassniki.ru,F,Civil Engineer,tkeverenln,Spanish
781,Lilly,McPhater,lmcphaterlo@arstechnica.com,F,Sales Representative,lmcphaterlo,French
782,Ulrika,Mallan,umallanlp@patch.com,F,Graphic Designer,umallanlp,Armenian
783,Veriee,Rickett,vrickettlq@businessweek.com,F,Analyst Programmer,vrickettlq,Afrikaans
784,Mandie,Mattecot,mmattecotlr@wufoo.com,F,Quality Control Specialist,mmattecotlr,Persian
785,Elisabetta,Scanlon,escanlonls@sogou.com,F,Marketing Assistant,escanlonls,Dari
786,Burgess,Joynt,bjoyntlt@altervista.org,M,Desktop Support Technician,bjoyntlt,Assamese
787,Harmonia,Brandoni,hbrandonilu@pinterest.com,F,Recruiting Manager,hbrandonilu,Sotho
788,Hale,Pullin,hpullinlv@cornell.edu,M,Graphic Designer,hpullinlv,Ndebele
789,Hewie,Bosman,hbosmanlw@omniture.com,M,Actuary,hbosmanlw,Northern Sotho
790,Dud,Mingardi,dmingardilx@addtoany.com,M,Administrative Officer,dmingardilx,Zulu
791,Jeramie,Edon,jedonly@moonfruit.com,M,Librarian,jedonly,Somali
792,Beverly,Hallsworth,bhallsworthlz@adobe.com,F,Web Designer II,bhallsworthlz,Amharic
793,Karalee,Haggleton,khaggletonm0@rakuten.co.jp,F,Senior Editor,khaggletonm0,Swedish
794,Antoine,Sheardown,asheardownm1@merriam-webster.com,M,Assistant Professor,asheardownm1,Aymara
795,Christabella,Sidnall,csidnallm2@squarespace.com,F,Social Worker,csidnallm2,Kazakh
796,Glen,Vogl,gvoglm3@home.pl,M,Teacher,gvoglm3,Malayalam
797,Stoddard,Valintine,svalintinem4@globo.com,F,Software Test Engineer IV,svalintinem4,Fijian
798,Marissa,Toping,mtopingm5@thetimes.co.uk,F,General Manager,mtopingm5,Swahili
799,Selle,Blazhevich,sblazhevichm6@weather.com,F,Associate Professor,sblazhevichm6,Arabic
800,Dido,Bett,dbettm7@deliciousdays.com,F,Clinical Specialist,dbettm7,Filipino
801,Ginnifer,Corsor,gcorsorm8@google.com.au,F,Mechanical Systems Engineer,gcorsorm8,English
802,Kenton,Axon,kaxonm9@ca.gov,M,Teacher,kaxonm9,New Zealand Sign Language
803,Carilyn,Rego,cregoma@unesco.org,F,Research Assistant I,cregoma,Filipino
804,Ashely,Shevill,ashevillmb@smugmug.com,F,Software Engineer I,ashevillmb,Romanian
805,Gerry,Lait,glaitmc@bizjournals.com,M,Systems Administrator IV,glaitmc,Polish
806,Glory,Gawith,ggawithmd@economist.com,F,Director of Sales,ggawithmd,Dzongkha
807,Tanitansy,Danilchik,tdanilchikme@wordpress.org,F,VP Sales,tdanilchikme,Aymara
808,Tamma,Hinge,thingemf@godaddy.com,F,Accountant II,thingemf,Punjabi
809,Rog,Varden,rvardenmg@ycombinator.com,M,VP Accounting,rvardenmg,Ndebele
810,Johannes,Matterface,jmatterfacemh@unicef.org,M,Research Assistant IV,jmatterfacemh,New Zealand Sign Language
811,Filbert,Littlejohns,flittlejohnsmi@hao123.com,M,Senior Financial Analyst,flittlejohnsmi,Oriya
812,Jorie,Jaray,jjaraymj@fc2.com,F,Database Administrator II,jjaraymj,Bosnian
813,Shawn,Aubert,saubertmk@cyberchimps.com,F,Financial Analyst,saubertmk,Bengali
814,Gery,Cristea,gcristeaml@apple.com,M,Database Administrator IV,gcristeaml,English
815,Jamima,Barkshire,jbarkshiremm@hibu.com,F,General Manager,jbarkshiremm,Malayalam
816,Julissa,Tonkin,jtonkinmn@cbc.ca,F,Associate Professor,jtonkinmn,Bulgarian
817,Arvy,Sydney,asydneymo@geocities.jp,M,Recruiting Manager,asydneymo,Azeri
818,Roxana,Tolmie,rtolmiemp@webmd.com,F,Sales Associate,rtolmiemp,Tsonga
819,Ashly,Ferrige,aferrigemq@hostgator.com,F,Help Desk Technician,aferrigemq,West Frisian
820,Ardene,Summerlee,asummerleemr@dmoz.org,F,Software Test Engineer II,asummerleemr,Croatian
821,Willetta,Coggins,wcogginsms@ftc.gov,F,Analog Circuit Design manager,wcogginsms,Hungarian
822,Bryce,Sears,bsearsmt@buzzfeed.com,M,Staff Accountant III,bsearsmt,Papiamento
823,Dimitry,Leijs,dleijsmu@drupal.org,M,Librarian,dleijsmu,Māori
824,Kathy,Scamwell,kscamwellmv@loc.gov,F,Software Consultant,kscamwellmv,Bosnian
825,Arnie,Millier,amilliermw@hexun.com,M,Budget/Accounting Analyst II,amilliermw,Catalan
826,Maynard,Worviell,mworviellmx@redcross.org,M,Clinical Specialist,mworviellmx,Icelandic
827,Neils,Barling,nbarlingmy@ftc.gov,M,Executive Secretary,nbarlingmy,Kannada
828,Rutherford,Camelia,rcameliamz@wsj.com,M,Nurse,rcameliamz,Tsonga
829,Kerk,Schumacher,kschumachern0@comcast.net,M,Chemical Engineer,kschumachern0,Polish
830,Kasey,Peealess,kpeealessn1@google.nl,F,Civil Engineer,kpeealessn1,Tajik
831,Griffin,Andrioni,gandrionin2@pagesperso-orange.fr,M,Mechanical Systems Engineer,gandrionin2,Kashmiri
832,Husain,Coatman,hcoatmann3@who.int,M,Structural Analysis Engineer,hcoatmann3,Northern Sotho
833,Lorinda,Friedenbach,lfriedenbachn4@goo.ne.jp,F,Recruiter,lfriedenbachn4,Guaraní
834,Mozelle,Melhuish,mmelhuishn5@booking.com,F,Programmer II,mmelhuishn5,Fijian
835,Freedman,Arnoll,farnolln6@umich.edu,M,Payment Adjustment Coordinator,farnolln6,Papiamento
836,Jordon,Kimber,jkimbern7@buzzfeed.com,M,Web Designer IV,jkimbern7,Danish
837,Hephzibah,Barson,hbarsonn8@macromedia.com,F,Sales Representative,hbarsonn8,Czech
838,Gordan,Klich,gklichn9@dagondesign.com,M,Marketing Manager,gklichn9,Lithuanian
839,Bradley,Giovannazzi,bgiovannazzina@google.de,M,Accountant III,bgiovannazzina,Luxembourgish
840,Fran,Haswell,fhaswellnb@economist.com,F,Nuclear Power Engineer,fhaswellnb,Montenegrin
841,Florentia,Elsom,felsomnc@is.gd,F,VP Sales,felsomnc,Albanian
842,Josie,Phettis,jphettisnd@jalbum.net,F,Project Manager,jphettisnd,Tswana
843,Scarface,Dudek,sdudekne@booking.com,M,Help Desk Operator,sdudekne,Azeri
844,Lindsay,Measor,lmeasornf@nydailynews.com,M,Programmer IV,lmeasornf,Azeri
845,Roze,Rispen,rrispenng@google.cn,F,VP Product Management,rrispenng,Lithuanian
846,Janis,Yosevitz,jyosevitznh@meetup.com,F,Budget/Accounting Analyst III,jyosevitznh,Polish
847,Drucill,McGarrie,dmcgarrieni@webnode.com,F,Registered Nurse,dmcgarrieni,Hindi
848,Erasmus,Beddall,ebeddallnj@163.com,M,Web Designer II,ebeddallnj,Portuguese
849,Maude,Feaveryear,mfeaveryearnk@fotki.com,F,Librarian,mfeaveryearnk,Punjabi
850,Garvey,Aspinal,gaspinalnl@tinypic.com,M,Executive Secretary,gaspinalnl,Finnish
851,Dari,Newbury,dnewburynm@goo.gl,F,Sales Associate,dnewburynm,Arabic
852,Adoree,Sergent,asergentnn@nymag.com,F,Registered Nurse,asergentnn,Hiri Motu
853,Aurore,Cornilleau,acornilleauno@cnet.com,F,Recruiter,acornilleauno,Khmer
854,Arther,Goddman,agoddmannp@eepurl.com,M,Registered Nurse,agoddmannp,Punjabi
855,Wilbert,Suttell,wsuttellnq@wikia.com,M,Registered Nurse,wsuttellnq,Moldovan
856,Ximenez,Cloke,xclokenr@pcworld.com,M,Data Coordiator,xclokenr,Punjabi
857,Aymer,Standall,astandallns@usgs.gov,M,Nurse Practicioner,astandallns,West Frisian
858,Mallissa,Grove,mgrovent@blogtalkradio.com,F,Assistant Media Planner,mgrovent,Armenian
859,Kacy,Membry,kmembrynu@paypal.com,F,Administrative Assistant I,kmembrynu,Hungarian
860,Keelby,Reast,kreastnv@answers.com,M,Chemical Engineer,kreastnv,Ndebele
861,Dedie,Rozenzweig,drozenzweignw@geocities.jp,F,Programmer Analyst III,drozenzweignw,Lithuanian
862,Dosi,Gooderidge,dgooderidgenx@tiny.cc,F,Account Representative III,dgooderidgenx,French
863,Giana,Gilbane,ggilbaneny@shareasale.com,F,Senior Sales Associate,ggilbaneny,Luxembourgish
864,Ebenezer,Barrett,ebarrettnz@ihg.com,M,Account Coordinator,ebarrettnz,French
865,Darcy,Fern,dferno0@gnu.org,M,Data Coordiator,dferno0,Tsonga
866,Nichole,Wetherell,nwetherello1@de.vu,M,Executive Secretary,nwetherello1,Finnish
867,Fernando,Huddles,fhuddleso2@zdnet.com,M,Quality Control Specialist,fhuddleso2,Armenian
868,Melania,Shipsey,mshipseyo3@eepurl.com,F,Registered Nurse,mshipseyo3,Somali
869,Adela,Ivanikhin,aivanikhino4@kickstarter.com,F,Dental Hygienist,aivanikhino4,Dari
870,Carina,Franciotti,cfranciottio5@newyorker.com,F,Compensation Analyst,cfranciottio5,Māori
871,Claudelle,Labrum,clabrumo6@apple.com,F,Database Administrator IV,clabrumo6,Czech
872,Lauraine,Orrick,lorricko7@mtv.com,F,Financial Advisor,lorricko7,Hungarian
873,Meredith,Bastow,mbastowo8@godaddy.com,M,Programmer II,mbastowo8,Guaraní
874,Chickie,Ugo,cugoo9@spotify.com,F,Mechanical Systems Engineer,cugoo9,French
875,Fernandina,Rumbelow,frumbelowoa@xing.com,F,Structural Engineer,frumbelowoa,Hebrew
876,Brad,Giraldo,bgiraldoob@washington.edu,M,Quality Control Specialist,bgiraldoob,Swedish
877,Merv,Mournian,mmournianoc@vkontakte.ru,M,Clinical Specialist,mmournianoc,Amharic
878,Brnaby,Benasik,bbenasikod@hubpages.com,M,VP Marketing,bbenasikod,Māori
879,Germayne,Beaman,gbeamanoe@ucoz.com,M,Payment Adjustment Coordinator,gbeamanoe,Danish
880,Myrta,Kidder,mkidderof@theatlantic.com,F,Speech Pathologist,mkidderof,Dzongkha
881,Casi,Sprowell,csprowellog@canalblog.com,F,Graphic Designer,csprowellog,Burmese
882,Kristen,Purvey,kpurveyoh@fda.gov,F,Human Resources Assistant II,kpurveyoh,Persian
883,Nichole,Philimore,nphilimoreoi@craigslist.org,M,Geological Engineer,nphilimoreoi,Moldovan
884,Lynelle,Klempke,lklempkeoj@newyorker.com,F,Structural Analysis Engineer,lklempkeoj,Moldovan
885,Augustina,Bickerdicke,abickerdickeok@disqus.com,F,Tax Accountant,abickerdickeok,Malagasy
886,Jackson,Conwell,jconwellol@cisco.com,M,Operator,jconwellol,Punjabi
887,Jephthah,Stenett,jstenettom@nps.gov,M,Programmer III,jstenettom,Japanese
888,Axe,Sabates,asabateson@mediafire.com,M,Analog Circuit Design manager,asabateson,Assamese
889,Melisandra,Lenormand,mlenormandoo@mail.ru,F,Operator,mlenormandoo,Persian
890,Cornelia,Chastaing,cchastaingop@biglobe.ne.jp,F,Cost Accountant,cchastaingop,Korean
891,Earl,Horsley,ehorsleyoq@wiley.com,M,Financial Advisor,ehorsleyoq,Amharic
892,Bianca,Endrizzi,bendrizzior@who.int,F,Systems Administrator III,bendrizzior,Hungarian
893,Danya,Kovalski,dkovalskios@macromedia.com,M,Quality Engineer,dkovalskios,Hiri Motu
894,Dee,Mitrovic,dmitrovicot@posterous.com,F,Assistant Media Planner,dmitrovicot,Bulgarian
895,Paige,MacDermot,pmacdermotou@marriott.com,F,Graphic Designer,pmacdermotou,Tok Pisin
896,Edd,Grishakin,egrishakinov@freewebs.com,M,Pharmacist,egrishakinov,Irish Gaelic
897,Iorgo,Doeg,idoegow@blinklist.com,M,Junior Executive,idoegow,Indonesian
898,Taite,Dundridge,tdundridgeox@newyorker.com,M,Registered Nurse,tdundridgeox,Telugu
899,Gerladina,Soldan,gsoldanoy@bbb.org,F,Nurse Practicioner,gsoldanoy,Quechua
900,Garrick,Tewes,gtewesoz@chron.com,M,Technical Writer,gtewesoz,Dutch
901,Bud,Kundert,bkundertp0@weather.com,M,VP Quality Control,bkundertp0,Georgian
902,Elvyn,Staley,estaleyp1@surveymonkey.com,M,GIS Technical Architect,estaleyp1,Punjabi
903,Fred,Vertey,fverteyp2@fastcompany.com,F,Data Coordiator,fverteyp2,Swedish
904,Hewett,Franzotto,hfranzottop3@goo.ne.jp,M,Graphic Designer,hfranzottop3,Bengali
905,Ellwood,Leeuwerink,eleeuwerinkp4@wordpress.org,M,Financial Advisor,eleeuwerinkp4,Danish
906,Abby,Opy,aopyp5@arizona.edu,M,Food Chemist,aopyp5,Haitian Creole
907,Damien,Bettanay,dbettanayp6@example.com,M,Technical Writer,dbettanayp6,Haitian Creole
908,Vania,MacAllaster,vmacallasterp7@bluehost.com,F,Financial Analyst,vmacallasterp7,Burmese
909,Bobbye,Moyse,bmoysep8@mail.ru,F,Sales Representative,bmoysep8,Marathi
910,Zacharie,Craxford,zcraxfordp9@cdbaby.com,M,VP Marketing,zcraxfordp9,Somali
911,Celestine,Oliva,colivapa@youtube.com,F,VP Accounting,colivapa,Guaraní
912,Bruis,Le Brum,blebrumpb@skype.com,M,Physical Therapy Assistant,blebrumpb,Amharic
913,Gilles,Pauley,gpauleypc@wikipedia.org,M,Environmental Tech,gpauleypc,Japanese
914,Mariska,Leeburne,mleeburnepd@discovery.com,F,Web Developer IV,mleeburnepd,Danish
915,Daron,Phette,dphettepe@tumblr.com,F,Clinical Specialist,dphettepe,Dhivehi
916,Fay,Melson,fmelsonpf@rakuten.co.jp,F,Registered Nurse,fmelsonpf,Haitian Creole
917,Ingaborg,Laherty,ilahertypg@mapquest.com,F,Nurse Practicioner,ilahertypg,Amharic
918,Kinna,Molloy,kmolloyph@dedecms.com,F,Geological Engineer,kmolloyph,Oriya
919,Nate,Bengle,nbenglepi@vk.com,M,Office Assistant I,nbenglepi,Hebrew
920,Shae,Gillebert,sgillebertpj@nymag.com,F,Assistant Professor,sgillebertpj,Japanese
921,Arlee,Ollerhead,aollerheadpk@columbia.edu,F,VP Quality Control,aollerheadpk,Malagasy
922,Logan,Bellerby,lbellerbypl@etsy.com,M,Office Assistant I,lbellerbypl,Swati
923,Marne,Sydney,msydneypm@ihg.com,F,Account Executive,msydneypm,Czech
924,Jami,Jewise,jjewisepn@umn.edu,F,Chief Design Engineer,jjewisepn,Japanese
925,Bekki,Palke,bpalkepo@squarespace.com,F,Clinical Specialist,bpalkepo,Chinese
926,Harmony,Hindhaugh,hhindhaughpp@topsy.com,F,Sales Representative,hhindhaughpp,Kyrgyz
927,Kennith,Monckton,kmoncktonpq@facebook.com,M,Internal Auditor,kmoncktonpq,Quechua
928,Udall,Keesman,ukeesmanpr@newyorker.com,M,Technical Writer,ukeesmanpr,Burmese
929,Homere,Szubert,hszubertps@npr.org,M,Junior Executive,hszubertps,Yiddish
930,Hugo,Maides,hmaidespt@seattletimes.com,M,Librarian,hmaidespt,Chinese
931,Vaclav,Deverell,vdeverellpu@gizmodo.com,M,Analyst Programmer,vdeverellpu,Haitian Creole
932,Burch,Kirlin,bkirlinpv@360.cn,M,Programmer Analyst IV,bkirlinpv,Romanian
933,Vail,Reneke,vrenekepw@washingtonpost.com,M,Software Consultant,vrenekepw,Estonian
934,Tobiah,Hof,thofpx@lulu.com,M,Senior Cost Accountant,thofpx,Hebrew
935,Phoebe,Somers,psomerspy@unicef.org,F,Developer III,psomerspy,Māori
936,Cathrine,Whanstall,cwhanstallpz@barnesandnoble.com,F,Marketing Assistant,cwhanstallpz,Bosnian
937,Karmen,Walliker,kwallikerq0@time.com,F,Compensation Analyst,kwallikerq0,Tok Pisin
938,Fee,Arkell,farkellq1@wp.com,M,Associate Professor,farkellq1,Kazakh
939,Analiese,MacManus,amacmanusq2@unblog.fr,F,Structural Engineer,amacmanusq2,Marathi
940,Margarethe,Talby,mtalbyq3@goo.ne.jp,F,Research Associate,mtalbyq3,Maltese
941,Estrellita,Blowing,eblowingq4@histats.com,F,Safety Technician IV,eblowingq4,Croatian
942,Sophie,Fawbert,sfawbertq5@pen.io,F,Senior Financial Analyst,sfawbertq5,Montenegrin
943,Letty,Pavie,lpavieq6@nasa.gov,F,Payment Adjustment Coordinator,lpavieq6,Georgian
944,Catherine,Thay,cthayq7@flickr.com,F,Editor,cthayq7,Azeri
945,Hilliard,Dubock,hdubockq8@360.cn,M,Financial Advisor,hdubockq8,Luxembourgish
946,Karlan,Yashin,kyashinq9@discuz.net,M,Editor,kyashinq9,Fijian
947,Christi,Caso,ccasoqa@google.pl,F,Account Coordinator,ccasoqa,Greek
948,Ricard,Bentke,rbentkeqb@nhs.uk,M,Programmer I,rbentkeqb,Kannada
949,Prinz,Jacqueme,pjacquemeqc@cbslocal.com,M,Speech Pathologist,pjacquemeqc,Punjabi
950,Cybil,Marks,cmarksqd@washington.edu,F,Account Executive,cmarksqd,Northern Sotho
951,Keelia,Tear,ktearqe@storify.com,F,Chief Design Engineer,ktearqe,Assamese
952,Carleen,Komorowski,ckomorowskiqf@jimdo.com,F,Legal Assistant,ckomorowskiqf,Tswana
953,Kelsy,Flint,kflintqg@bbb.org,F,Internal Auditor,kflintqg,New Zealand Sign Language
954,Darill,Kleeman,dkleemanqh@cbslocal.com,M,Staff Accountant II,dkleemanqh,Estonian
955,Colleen,Judgkins,cjudgkinsqi@cnn.com,F,Associate Professor,cjudgkinsqi,Czech
956,Evangelia,Spavins,espavinsqj@tripod.com,F,Research Nurse,espavinsqj,Fijian
957,Haleigh,Will,hwillqk@ca.gov,M,Analog Circuit Design manager,hwillqk,Haitian Creole
958,Rosabel,Andriss,randrissql@abc.net.au,F,Human Resources Manager,randrissql,Kurdish
959,Robin,Tolliday,rtollidayqm@google.de,F,Recruiter,rtollidayqm,Oriya
960,Abie,Coker,acokerqn@intel.com,M,Graphic Designer,acokerqn,Malayalam
961,Koressa,Trays,ktraysqo@macromedia.com,F,Accounting Assistant IV,ktraysqo,Hebrew
962,Shelbi,Mattioli,smattioliqp@dell.com,F,Electrical Engineer,smattioliqp,Filipino
963,Tarra,Tenny,ttennyqq@networkadvertising.org,F,Statistician III,ttennyqq,Macedonian
964,George,Mothersole,gmothersoleqr@reuters.com,M,Senior Quality Engineer,gmothersoleqr,Pashto
965,Wilton,Palister,wpalisterqs@people.com.cn,M,Speech Pathologist,wpalisterqs,Oriya
966,Amanda,Blaasch,ablaaschqt@yahoo.co.jp,F,Research Nurse,ablaaschqt,New Zealand Sign Language
967,Drusi,Daniellot,ddaniellotqu@theatlantic.com,F,Design Engineer,ddaniellotqu,Azeri
968,Ahmed,Bulleyn,abulleynqv@google.co.uk,M,Web Designer I,abulleynqv,Swati
969,Thaddeus,Stadden,tstaddenqw@bing.com,M,Electrical Engineer,tstaddenqw,Georgian
970,Ailina,Tarver,atarverqx@state.tx.us,F,Occupational Therapist,atarverqx,New Zealand Sign Language
971,Sib,Jennrich,sjennrichqy@nps.gov,F,Account Coordinator,sjennrichqy,Yiddish
972,Adina,MacBain,amacbainqz@chron.com,F,Senior Editor,amacbainqz,Tswana
973,Patrica,Dilston,pdilstonr0@e-recht24.de,F,Clinical Specialist,pdilstonr0,Malay
974,Nonah,Garstang,ngarstangr1@japanpost.jp,F,Registered Nurse,ngarstangr1,Italian
975,Libbie,Traynor,ltraynorr2@go.com,F,Design Engineer,ltraynorr2,Filipino
976,Veronike,Birwhistle,vbirwhistler3@paginegialle.it,F,Help Desk Technician,vbirwhistler3,Afrikaans
977,Russ,MacKeller,rmackellerr4@t-online.de,M,Recruiter,rmackellerr4,Romanian
978,Rakel,Mumm,rmummr5@thetimes.co.uk,F,Help Desk Technician,rmummr5,Afrikaans
979,Gavra,L'Amie,glamier6@geocities.com,F,Data Coordiator,glamier6,Kurdish
980,Gilbert,Tawn,gtawnr7@stumbleupon.com,M,Geologist IV,gtawnr7,Kurdish
981,Cly,Dumpleton,cdumpletonr8@boston.com,M,Food Chemist,cdumpletonr8,Lithuanian
982,Jorge,Petrasek,jpetrasekr9@blogs.com,M,Electrical Engineer,jpetrasekr9,Northern Sotho
983,Zane,Gomez,zgomezra@list-manage.com,M,Business Systems Development Analyst,zgomezra,German
984,Bendix,Suarez,bsuarezrb@taobao.com,M,Operator,bsuarezrb,Maltese
985,Kiele,Ridoutt,kridouttrc@cnet.com,F,Accountant I,kridouttrc,Tetum
986,Kelli,Undrill,kundrillrd@odnoklassniki.ru,F,Civil Engineer,kundrillrd,Swahili
987,Dilly,Blankhorn,dblankhornre@webmd.com,M,Quality Control Specialist,dblankhornre,Oriya
988,Lennie,Walburn,lwalburnrf@cisco.com,M,Financial Analyst,lwalburnrf,Kyrgyz
989,Saleem,Karlik,skarlikrg@zdnet.com,M,Help Desk Operator,skarlikrg,Afrikaans
990,Salomo,Schlagman,sschlagmanrh@wikipedia.org,M,Accounting Assistant III,sschlagmanrh,Kashmiri
991,Faydra,Glasard,fglasardri@oaic.gov.au,F,Internal Auditor,fglasardri,Swahili
992,Fernando,Kirdsch,fkirdschrj@imageshack.us,M,Recruiting Manager,fkirdschrj,Macedonian
993,Aldwin,Semerad,asemeradrk@theguardian.com,M,Staff Scientist,asemeradrk,Latvian
994,Krista,Kerslake,kkerslakerl@geocities.com,F,Quality Control Specialist,kkerslakerl,Azeri
995,Concordia,Hansana,chansanarm@vistaprint.com,F,Administrative Assistant II,chansanarm,Tok Pisin
996,Briny,Tresvina,btresvinarn@webnode.com,F,Operator,btresvinarn,Estonian
997,Theobald,Swatten,tswattenro@yelp.com,M,Senior Financial Analyst,tswattenro,Moldovan
998,Lilyan,Lorkin,llorkinrp@tinyurl.com,F,Professor,llorkinrp,Portuguese
999,Derward,Bruff,dbruffrq@loc.gov,M,Accountant I,dbruffrq,Kyrgyz
1000,Julia,Koppes,jkoppesrr@list-manage.com,F,Assistant Professor,jkoppesrr,Arabic